category,subject,day,start_period,end_period,start_time,end_time,room
전공,인문 콘텐츠의 이해,목,1,3,09:00,12:00,수205
전공,응용국어학의 이해,수,4,6,12:00,15:00,성704
전공,구비문학의 이해,화,1,3,09:00,12:00,수408
전공,현대문학사,월,4,6,12:00,15:00,성712
전공,고전문학사,화,4,6,12:00,15:00,성301
전공,현대문학 명작읽기,화,7,9,15:00,18:00,성712
전공,의사소통교육론,월,4,6,12:00,15:00,수204-1
전공,K-콘텐츠 서사 읽기,목,7,9,15:00,18:00,수C-615
전공,글로벌시대의 한국어,목,4,6,12:00,15:00,성310
전공,고전소설의 이해,수,4,6,12:00,15:00,수204-1
전공,현대문학 창작론,화,4,6,12:00,15:00,성712
전공,시조와 가사의 세계,수,7,9,15:00,18:00,수327
전공,국어사,월,7,9,15:00,18:00,성213
전공,국어 교과교재연구 및 지도법,목,4,6,12:00,15:00,수C-844
전공,한국어 음운론,월,4,6,12:00,15:00,성213
전공,현대문학특강,화,7,9,15:00,18:00,난702
전공,한글이 걸어온 길,화,4,6,12:00,15:00,수204-1
전공,한국어정보처리,목,7,9,15:00,18:00,수214
전공,통역입문,화,1,3,09:00,12:00,성302
전공,영문학개론,목,4,6,12:00,15:00,성701
전공,미디어를 통한 영문법,화,7,9,15:00,18:00,성710
전공,미디어영문학,화,4,6,12:00,15:00,수413
전공,영어 읽기와 쓰기,화,7,9,15:00,18:00,성309
전공,영어 읽기와 쓰기,수,4,6,12:00,15:00,성309
전공,에세이와 국제사회,월,4,6,12:00,15:00,수413
전공,영어음성음운론,수,7,9,15:00,18:00,수203
전공,SF문학으로 보는 미국문화,월,7,9,15:00,18:00,수C-615
전공,외국어 교과교재연구 및 지도법(서양권),수,7,9,15:00,18:00,성607
전공,비즈니스 영어,화,1,3,09:00,12:00,수222
전공,비즈니스 영어,목,1,3,09:00,12:00,수214
전공,영화로 읽는 영국소설,목,4,6,12:00,15:00,성710
전공,보이스 분석,월,4,6,12:00,15:00,nan
전공,영미아동문학,목,7,9,15:00,18:00,성701
전공,미디어와 영미시,수,1,3,09:00,12:00,성303
전공,영미문학 속 괴물들,수,4,6,12:00,15:00,수C-615
전공,기초독일어 2,목,1,3,09:00,12:00,수412
전공,기초독일어회화 2,화,1,3,09:00,12:00,성705
전공,독일명작의 이해,목,7,9,15:00,18:00,수408
전공,독일 언어학의 기초,화,7,9,15:00,18:00,수204-1
전공,독일 문학사,수,4,6,12:00,15:00,수C-737
전공,중급독일어2,수,7,9,15:00,18:00,성309
전공,독문학의 응용,화,7,9,15:00,18:00,수C-737
전공,독영번역 실습,목,4,6,12:00,15:00,성706
전공,독일어권 드라마,월,4,6,12:00,15:00,수408
전공,유럽 및 독일영화,화,4,6,12:00,15:00,난806
전공,독일어 통번역연습,목,7,9,15:00,18:00,수412
전공,독일어권 예술과 사상,월,7,9,15:00,18:00,성601
전공,초급프랑스어 2,화,4,6,12:00,15:00,수408
전공,프랑스어회화 A1,월,7,9,15:00,18:00,수C-617
전공,프랑스 역사와 문화,목,7,9,15:00,18:00,수205
전공,프랑스어회화 A2+,수,7,9,15:00,18:00,수413
전공,중급프랑스어 2,목,4,6,12:00,15:00,수408
전공,소설로 읽는 프랑스 사회,목,7,9,15:00,18:00,성601
전공,미디어 프랑스어,화,7,9,15:00,18:00,수405
전공,DELF B1,수,4,6,12:00,15:00,수413
전공,프랑스어권의 사회와 문화,화,1,3,09:00,12:00,성712
전공,프랑스 지역 문화,월,4,6,12:00,15:00,성601
전공,프랑스어와 광고,목,4,6,12:00,15:00,수412
전공,프랑스-한국 문화 비교,화,4,6,12:00,15:00,수C-617
전공,초급일본어연습 2,목,4,6,12:00,15:00,수204
전공,초급일본어연습 2,목,1,3,09:00,12:00,수407
전공,초급일본어연습 2,월,4,6,12:00,15:00,수407
전공,일본어 기초표현 2,금,4,6,12:00,15:00,성307
전공,일본어 기초표현 2,화,4,6,12:00,15:00,난301
전공,일본어 기초표현 2,수,4,6,12:00,15:00,수408
전공,일본의 정치경제와 문화,목,7,9,15:00,18:00,성302
전공,중급일본어연습 2,목,7,9,15:00,18:00,수204
전공,일본어 중급표현 2,화,4,6,12:00,15:00,난801
전공,중급일본어회화 2,수,4,6,12:00,15:00,수407
전공,일본 현대어문법의 이해,수,7,9,15:00,18:00,성705
전공,일본문학의 흐름 2,수,7,9,15:00,18:00,성706
전공,일본어텍스트 읽기와 비평,목,4,6,12:00,15:00,성308
전공,일본어통번역 실습,화,7,9,15:00,18:00,성307
전공,일본어 고급표현 2,목,7,9,15:00,18:00,수405
전공,일본 고전문화콘텐츠와 현대,월,7,9,15:00,18:00,성607
전공,일본문화론과 대중문화콘텐츠,수,4,6,12:00,15:00,수204
전공,실용일본어특강,화,1,3,09:00,12:00,수407
전공,한일과제탐구연습,금,4,6,12:00,15:00,성706
전공,초급중국어 회화 2,화,4,6,12:00,15:00,성309
전공,초급중국어 회화 2,화,4,6,12:00,15:00,성706
전공,초급중국어 회화 2,화,4,6,12:00,15:00,수406
전공,기초중국어리딩2,월,7,9,15:00,18:00,수409
전공,기초중국어리딩2,월,7,9,15:00,18:00,수204-1
전공,기초중국어리딩2,목,4,6,12:00,15:00,수406
전공,토픽 중국문학,수,7,9,15:00,18:00,수409
전공,실용중국어문법,수,7,9,15:00,18:00,성712
전공,중국문학사 2,목,7,9,15:00,18:00,수409
전공,중급중국어 2,화,1,3,09:00,12:00,수406
전공,중급중국어 회화 2,수,4,6,12:00,15:00,성706
전공,중국 역사 이해와 현대,화,4,6,12:00,15:00,수405
전공,중국어학의 이해,화,1,3,09:00,12:00,수327
전공,중국어 교과교재연구 및 지도법,목,1,3,09:00,12:00,수C-844
전공,중국고전문학과 문화콘텐츠,목,4,6,12:00,15:00,수405
전공,실용중국어 프레젠테이션,화,7,9,15:00,18:00,성706
전공,비즈니스 중국어,목,7,9,15:00,18:00,수413
전공,중국어통역연습,화,7,9,15:00,18:00,성308
전공,중국역대시가산책,목,4,6,12:00,15:00,성309
전공,쟁점 한국사,수,7,9,15:00,18:00,수205
전공,동아시아사 입문,목,4,6,12:00,15:00,수C-615
전공,서양사로의 초대,화,4,6,12:00,15:00,수327
전공,고려시대의 역사와 문화,화,1,3,09:00,12:00,수204
전공,한국근현대의 역사와 문화,화,7,9,15:00,18:00,수408
전공,서양사 2 - 근대유럽사의 발전,목,1,3,09:00,12:00,성309
전공,동아시아사 2: 중국 문명사,월,7,9,15:00,18:00,성612
전공,역사콘텐츠 리터러시,목,7,9,15:00,18:00,수204-1
전공,역사로 글쓰기,수,7,9,15:00,18:00,수408
전공,사물/예술의 역사,수,4,6,12:00,15:00,수327
전공,동아시아와 근대화,화,4,6,12:00,15:00,수407
전공,일상/문화의 역사,화,4,6,12:00,15:00,난302
전공,Reading Seminar: 지식,화,7,9,15:00,18:00,수406
전공,환경과 기술의 역사,목,7,9,15:00,18:00,수407
전공,예술경영학,화,1,3,09:00,12:00,운캠B-106
전공,뮤지컬사,화,1,3,09:00,12:00,운캠B 423
전공,미술사,수,4,6,12:00,15:00,운캠C 103
전공,미술사,화,4,6,12:00,15:00,운캠C 204
전공,연극의 이해,목,7,9,15:00,18:00,운캠B 530
전공,문화예술 홍보,월,7,9,15:00,18:00,운캠B 530
전공,대중음악 콘서트 기획 및 경영,수,7,9,15:00,18:00,운캠C 208
전공,문화예술산업,화,4,6,12:00,15:00,운캠B 530
전공,경영학원론,금,7,9,15:00,18:00,운캠B-106
전공,영화의 이해,월,7,9,15:00,18:00,운캠C 212
전공,문화예술재원조성,수,4,6,12:00,15:00,운캠B 530
전공,공연기획 프로젝트,목,1,3,09:00,12:00,운캠B 423
전공,미디어영상연기의 이해,수,7,9,15:00,18:00,운캠C 205
전공,호흡/발성 2,화,4,6,12:00,15:00,운캠P 808
전공,호흡/발성 2,화,7,9,15:00,18:00,운캠P 808
전공,움직임트레이닝 2,월,3,5,11:00,14:00,운캠P 807
전공,메소드연기 2,월,7,8,15:00,17:00,운캠P 807
전공,메소드연기 2,목,8,9,16:00,18:00,운캠P 807
전공,메소드연기 2,월,8,9,16:00,18:00,운캠P 807
전공,메소드연기 2,목,7,8,15:00,17:00,운캠P 807
전공,메소드연기 2,수,4,6,12:00,15:00,운캠P 808
전공,매체연기 기초 2,수,4,6,12:00,15:00,운캠P 716
전공,매체연기 기초 2,수,7,9,15:00,18:00,운캠P 716
전공,매체연기 기초 2,월,4,6,12:00,15:00,운캠P 716
전공,배우 화술 2,수,3,5,11:00,14:00,운캠P 807
전공,단편영화 프로덕션 2,금,7,9,15:00,18:00,운캠C 308
전공,단편영화 프로덕션 2,금,7,9,15:00,18:00,운캠P 716
전공,단편영화 프로덕션 2,수,7,9,15:00,18:00,운캠C 308
전공,단편영화 프로덕션 2,월,7,9,15:00,18:00,운캠P 716
전공,장면연기워크숍 2,목,4,6,12:00,15:00,운캠P 807
전공,장면연기워크숍 2,목,4,6,12:00,15:00,운캠P 808
전공,움직임워크숍 2,화,4,6,12:00,15:00,운캠P 807
전공,공연워크샵 2,수,7,9,15:00,18:00,운캠P 807
전공,보컬 2,화,4,5,12:00,14:00,운캠P 716
전공,보컬 2,화,2,3,10:00,12:00,운캠P 716
전공,영화 예술사,월,4,5,12:00,14:00,운캠C 308
전공,장편드라마 연기실습 2,금,7,8,15:00,17:00,운캠P 715
전공,오디션연기테크닉,월,5,6,13:00,15:00,운캠P 715
전공,졸업작품워크숍 2,화,4,6,12:00,15:00,운캠P 715
전공,졸업작품워크숍 2,수,7,9,15:00,18:00,운캠P 808
전공,연기 이론의 이해 2,화,7,8,15:00,17:00,운캠P 716
전공,음악의 이해,목,1,3,09:00,12:00,운캠C 205
전공,로직 프로 랩 2,목,8,9,16:00,18:00,nan
전공,컨템포러리 음악 분석과 장르 2,수,8,9,16:00,18:00,nan
전공,뮤지컬 앙상블,목,4,5,12:00,14:00,운캠P 706
전공,뮤지컬 앙상블,목,6,7,14:00,16:00,운캠P 706
전공,편곡론,화,2,3,10:00,12:00,운캠P 706
전공,편곡론,월,5,6,13:00,15:00,운캠B 423
전공,컨템포러리 음악과 테크놀로지 2,화,8,9,16:00,18:00,nan
전공,재즈 화성학 2,화,5,6,13:00,15:00,운캠B 423
전공,시퀀싱 테크닉 랩 2,수,6,7,14:00,16:00,운캠P 704
전공,시퀀싱 테크닉 랩 2,수,8,9,16:00,18:00,운캠P 704
전공,송라이팅 워크숍 2,화,5,6,13:00,15:00,운캠P 704
전공,송라이팅 워크숍 2,화,7,8,15:00,17:00,운캠P 704
전공,송라이팅 워크숍 2,화,7,8,15:00,17:00,운캠B 423
전공,홈 믹싱과 마스터링,목,8,9,16:00,18:00,운캠P 706
전공,스테이지 퍼포먼스 앙상블 2,목,2,3,10:00,12:00,운캠P 706
전공,모달 하모니,월,7,8,15:00,17:00,운캠P 706
전공,에이블톤 라이브 세션 2,수,4,5,12:00,14:00,운캠P 706
전공,사운드 에프엑스 연구,금,6,7,14:00,16:00,운캠P 704
전공,사운드 에프엑스 연구,금,8,9,16:00,18:00,운캠P 704
전공,필름 스코어링과 오케스트레이션 2,월,2,3,10:00,12:00,운캠P 704
전공,필름 스코어링과 오케스트레이션 2,월,4,5,12:00,14:00,운캠P 704
전공,필름 스코어링과 오케스트레이션 2,월,7,8,15:00,17:00,운캠B 423
전공,콜라보러티브 프로덕션 워크숍 2,화,4,5,12:00,14:00,nan
전공,스튜디오 레코딩 앙상블 2,수,6,7,14:00,16:00,운캠P 706
전공,융합무용기초,목,1,3,09:00,12:00,운캠B-302
전공,전공실기 2,화,7,8,15:00,17:00,운캠B-201b
전공,전공실기 2,화,7,8,15:00,17:00,운캠B-302
전공,전공실기 2,목,7,8,15:00,17:00,운캠P 802
전공,움직임과 표현 2,월,4,5,12:00,14:00,운캠P 805
전공,움직임과 표현 2,수,4,5,12:00,14:00,운캠P 802
전공,움직임과 표현 2,목,4,5,12:00,14:00,운캠B-302
전공,세계무용사,수,4,6,12:00,15:00,운캠B 423
전공,필라테스자세교정 2,월,7,8,15:00,17:00,운캠P 802
전공,무용즉흥실기,월,5,6,13:00,15:00,운캠B-201c
전공,요가테라피 2,화,4,5,12:00,14:00,운캠P 802
전공,요가테라피 2,수,4,5,12:00,14:00,운캠P 805
전공,요가테라피 2,목,4,5,12:00,14:00,운캠P 805
전공,전공실기 4,화,4,5,12:00,14:00,운캠B-201c
전공,전공실기 4,월,5,6,13:00,15:00,운캠B-302
전공,전공실기 4,목,7,8,15:00,17:00,운캠P 805
전공,무용워크샵트레이닝 2,목,4,6,12:00,15:00,운캠P 802
전공,창작무용,화,4,6,12:00,15:00,운캠B-201b
전공,무용 음악의 이해,목,7,8,15:00,17:00,운캠C 307
전공,전공실기 6,화,7,8,15:00,17:00,운캠B-201c
전공,전공실기 6,월,7,8,15:00,17:00,운캠B-302
전공,전공실기 6,목,7,8,15:00,17:00,운캠B-201b
전공,움직임 해부학,금,4,6,12:00,15:00,운캠P 802
전공,표현예술치료 2,화,7,9,15:00,18:00,운캠P 802
전공,예술철학의 이해,수,4,6,12:00,15:00,운캠B 424
전공,전공실기 8,수,4,5,12:00,14:00,운캠B-201c
전공,전공실기 8,월,2,3,10:00,12:00,운캠B-302
전공,전공실기 8,수,2,3,10:00,12:00,운캠P 805
전공,무용지도법 2,월,1,3,09:00,12:00,운캠B-201c
전공,무용지도법 2,수,7,9,15:00,18:00,운캠B-302
전공,무용지도법 2,수,7,8,15:00,17:00,운캠P 802
전공,무용지도법 2,수,8,9,16:00,18:00,운캠P 802
전공,한국정치론,월,7,9,15:00,18:00,성702
전공,국제정치의 이해,수,7,9,15:00,18:00,성704
전공,국제기구론,목,4,6,12:00,15:00,성601
전공,공공외교의 이해,화,4,6,12:00,15:00,성701
전공,과학기술과 정치,화,4,6,12:00,15:00,성713
전공,미국정치론,월,4,6,12:00,15:00,성311
전공,유럽정치론,수,4,6,12:00,15:00,성310
전공,영화로 보는 정치,화,7,9,15:00,18:00,성211
전공,외교정책론,화,7,9,15:00,18:00,수C-739
전공,정치와 종교,수,7,9,15:00,18:00,성701
전공,동남아국제관계론,화,4,6,12:00,15:00,수C-614
전공,국제관계이론,월,4,6,12:00,15:00,성301
전공,동아시아국제관계론,수,4,6,12:00,15:00,성301
전공,데이터 정치분석,목,4,6,12:00,15:00,수207
전공,영사외교 캡스톤디자인,목,7,9,15:00,18:00,성713
전공,현대정치의 쟁점,목,7,9,15:00,18:00,성706
전공,인간관계심리,화,4,6,12:00,15:00,성306
전공,인간관계심리,금,4,6,12:00,15:00,성305
전공,생물심리학,목,4,6,12:00,15:00,성303
전공,심리통계학,월,7,9,15:00,18:00,수222
전공,심리통계학,금,7,9,15:00,18:00,수222
전공,발달심리학,수,7,9,15:00,18:00,성211
전공,발달심리학,수,4,6,12:00,15:00,난504
전공,심리측정론,화,7,9,15:00,18:00,수223-1
전공,정서심리학,목,7,9,15:00,18:00,난206
전공,상담이론과 실제,수,4,6,12:00,15:00,성710
전공,상담이론과 실제,월,4,6,12:00,15:00,성710
전공,인지심리학,금,7,9,15:00,18:00,성213
전공,인지심리학,목,1,3,09:00,12:00,난206
전공,특수아상담,화,4,6,12:00,15:00,난702
전공,심리평가,목,7,9,15:00,18:00,수203
전공,심리평가,금,4,6,12:00,15:00,성308
전공,문화심리학,목,4,6,12:00,15:00,성306
전공,행동수정,월,4,6,12:00,15:00,성612
전공,조직심리학,월,7,9,15:00,18:00,성211
전공,진로상담,금,4,6,12:00,15:00,수204
전공,신경심리학,수,1,3,09:00,12:00,성307
전공,임상심리학,화,1,3,09:00,12:00,수210
전공,소비자 및 광고심리학,화,7,9,15:00,18:00,난604
전공,통계지리학,수,4,6,12:00,15:00,수B-610
전공,자연지리학,화,4,6,12:00,15:00,성710
전공,한국의 자연과 환경,수,7,9,15:00,18:00,성710
전공,GIS개론,화,4,6,12:00,15:00,수B-610
전공,경제지리학,화,7,9,15:00,18:00,성705
전공,원격탐사 및 실습,화,7,9,15:00,18:00,수B-610
전공,기후변화 대책 실습,수,1,3,09:00,12:00,수411
전공,지리 교과교재연구 및 지도법,화,10,12,18:00,,성211
전공,세계인구와 문화경관,화,1,3,09:00,12:00,성310
전공,지역가치 창조론 및 실습,월,4,6,12:00,15:00,성705
전공,경제원론 2,화,1,3,09:00,12:00,성212
전공,경제원론 2,화,7,9,15:00,18:00,성301
전공,경제통계학,수,4,6,12:00,15:00,성212
전공,경제정보분석,목,4,6,12:00,15:00,성213
전공,경제정보분석,목,7,9,15:00,18:00,성213
전공,경제와 사회,금,1,3,09:00,12:00,성704
전공,미시경제학,수,4,6,12:00,15:00,성713
전공,거시경제학,화,7,9,15:00,18:00,성213
전공,거시경제학,수,7,9,15:00,18:00,성213
전공,수리경제학,화,4,6,12:00,15:00,nan
전공,경제학설사,목,1,3,09:00,12:00,성307
전공,후생경제학,금,4,6,12:00,15:00,성301
전공,경제정책론,월,7,9,15:00,18:00,nan
전공,국제금융론,월,1,3,09:00,12:00,nan
전공,금융투자론,목,4,6,12:00,15:00,성301
전공,금융투자론,목,7,9,15:00,18:00,성301
전공,경제성장론,월,4,6,12:00,15:00,성211
전공,조세론,금,7,9,15:00,18:00,성701
전공,법경제학,월,7,9,15:00,18:00,nan
전공,정보화와 경제,목,7,9,15:00,18:00,성307
전공,금융계량경제학,화,1,3,09:00,12:00,수C-615
전공,영상커뮤니케이션,월,4,6,12:00,15:00,성701
전공,영상커뮤니케이션,월,7,9,15:00,18:00,성701
전공,HCI와 커뮤니케이션,화,7,9,15:00,18:00,난205
전공,커뮤니케이션연구방법론,월,1,3,09:00,12:00,수213
전공,설득커뮤니케이션,화,4,6,12:00,15:00,난604
전공,저널리즘의 이해,목,1,3,09:00,12:00,성302
전공,엔터테인먼트산업론,화,7,9,15:00,18:00,성702
전공,엔터테인먼트산업론,수,7,9,15:00,18:00,성702
전공,지능형콘텐츠제작,목,4,6,12:00,15:00,수223-1
전공,커뮤니케이션이론,화,1,3,09:00,12:00,성213
전공,글로벌마케팅커뮤니케이션,목,7,9,15:00,18:00,성308
전공,소셜 미디어와 플랫폼 연구,월,7,9,15:00,18:00,성307
전공,K-컬처와 한류,월,4,6,12:00,15:00,성704
전공,논술과 사회과학 글쓰기,수,4,6,12:00,15:00,수223-1
전공,문화콘텐츠 마케팅,목,1,3,09:00,12:00,성211
전공,방송저널리즘 제작 실습,수,4,6,12:00,15:00,성307
전공,영상연출론,화,4,6,12:00,15:00,성707
전공,글로벌 미디어와 커뮤니케이션,월,7,9,15:00,18:00,성704
전공,실감형 콘텐츠,화,1,3,09:00,12:00,수223-1
전공,공공/정책 PR,화,4,6,12:00,15:00,난204
전공,공공외교와 국가브랜딩 전략,수,4,6,12:00,15:00,성311
전공,숏폼영상콘텐츠,목,1,3,09:00,12:00,성601
전공,경영학원론,화,7,9,15:00,18:00,난505
전공,회계원리,수,4,6,12:00,15:00,성302
전공,회계원리,목,1,3,09:00,12:00,성212
전공,회계원리,목,10,12,18:00,,성307
전공,재무회계,금,7,9,15:00,18:00,nan
전공,생산운영관리,목,7,9,15:00,18:00,성707
전공,생산운영관리,월,10,12,18:00,,성710
전공,기업과 사회,화,4,6,12:00,15:00,성303
전공,기업과 사회,토,1,3,09:00,12:00,성302
전공,금융의 이해,화,1,3,09:00,12:00,nan
전공,글로벌 비즈니스의 이해,수,7,9,15:00,18:00,성303
전공,글로벌 비즈니스의 이해,화,10,12,18:00,,성706
전공,마케팅커뮤니케이션,월,4,6,12:00,15:00,성302
전공,마케팅커뮤니케이션,수,4,6,12:00,15:00,성305
전공,마케팅커뮤니케이션,수,10,12,18:00,,성308
전공,경영과학,월,7,9,15:00,18:00,성710
전공,재무관리,화,7,9,15:00,18:00,성212
전공,관리회계,화,4,6,12:00,15:00,성302
전공,관리회계,화,10,12,18:00,,성302
전공,소비자행동론,금,4,6,12:00,15:00,성212
전공,소비자행동론,토,1,3,09:00,12:00,성307
전공,파생상품론,화,4,6,12:00,15:00,성212
전공,신상품개발론,월,7,9,15:00,18:00,성302
전공,노사관계론,금,7,9,15:00,18:00,성305
전공,노사관계론,토,4,6,12:00,15:00,성302
전공,세무회계,월,4,6,12:00,15:00,성212
전공,세무회계,토,1,3,09:00,12:00,성305
전공,글로벌 기업론,화,7,9,15:00,18:00,성302
전공,글로벌 기업론,수,10,12,18:00,,성706
전공,데이터 사이언스 2,목,1,3,09:00,12:00,nan
전공,데이터 사이언스 2,토,4,6,12:00,15:00,수207
전공,위험 관리와 보험,목,7,9,15:00,18:00,성211
전공,공급사슬 및 물류관리,수,7,9,15:00,18:00,성707
전공,공급사슬 및 물류관리,월,10,12,18:00,,성707
전공,서비스마케팅,목,4,6,12:00,15:00,성212
전공,서비스마케팅,목,10,12,18:00,,성212
전공,회계감사,월,10,12,18:00,,성705
전공,회계감사,월,10,12,18:00,,성705
전공,빅데이터 분석 실습,금,10,12,18:00,,수207
전공,빅데이터 분석 실습,금,10,12,18:00,,수207
전공,국제재무론,월,7,9,15:00,18:00,성212
전공,HR 애널리틱스,수,10,12,18:00,,성307
전공,HR 애널리틱스,수,10,12,18:00,,성307
전공,국제 마케팅,화,7,9,15:00,18:00,난706
전공,가족복지론,목,4,6,12:00,15:00,운캠B 424
전공,사회복지역사,목,7,9,15:00,18:00,운캠B 531
전공,아동복지론,수,4,6,12:00,15:00,운캠C 208
전공,사회복지실천론,목,1,3,09:00,12:00,운캠B 424
전공,자원봉사론,목,4,6,12:00,15:00,운캠B 530
전공,사회복지행정론,월,4,6,12:00,15:00,운캠C 208
전공,학교사회복지론,화,4,6,12:00,15:00,운캠B 531
전공,지역사회복지론,월,7,9,15:00,18:00,운캠B 529
전공,가족상담 및 가족치료,월,4,6,12:00,15:00,운캠B 329
전공,사회복지와 문화다양성,화,1,3,09:00,12:00,운캠B 424
전공,사회복지현장실습,화,7,9,15:00,18:00,운캠B 329
전공,여성복지론,목,1,3,09:00,12:00,운캠B 329
전공,사회복지법제와 실천,수,7,9,15:00,18:00,운캠B 424
전공,의료사회복지론,수,4,6,12:00,15:00,운캠B 531
전공,정신건강사회복지론,화,4,6,12:00,15:00,운캠B 540
전공,상법 첫걸음,목,7,9,15:00,18:00,난205
전공,민법 첫걸음,수,7,9,15:00,18:00,성306
전공,민법 첫걸음,목,4,6,12:00,15:00,성211
전공,법학입문,목,1,3,09:00,12:00,nan
전공,헌법입문: 갈등 해결의 언어,화,4,6,12:00,15:00,성211
전공,노동법 2,월,7,9,15:00,18:00,성303
전공,행정법총론,수,7,9,15:00,18:00,난604
전공,헌법 2,금,4,6,12:00,15:00,성705
전공,회사법개론,목,4,6,12:00,15:00,난205
전공,소비자법,화,4,6,12:00,15:00,성704
전공,국제법 2,수,4,6,12:00,15:00,성308
전공,법과 추리논증,금,7,9,15:00,18:00,성705
전공,물권법,화,1,3,09:00,12:00,성306
전공,형법각론,화,4,6,12:00,15:00,성305
전공,형법각론,화,7,9,15:00,18:00,성305
전공,채권법각론,수,4,6,12:00,15:00,난604
전공,행정구제법,목,7,9,15:00,18:00,성705
전공,형사소송법 2,월,4,6,12:00,15:00,성702
전공,민사소송법,화,7,9,15:00,18:00,성306
전공,사회 변동과 공법,화,1,3,09:00,12:00,성307
전공,법문서 작성과 모의재판,월,7,9,15:00,18:00,성310
전공,범죄학,수,7,9,15:00,18:00,성713
전공,국제통상법 2,화,4,6,12:00,15:00,성308
전공,영사법무 사례연구,목,4,6,12:00,15:00,성713
전공,영사법무학2,목,1,3,09:00,12:00,성308
전공,금융법,금,4,6,12:00,15:00,nan
전공,데이터와 규제혁신법,월,4,6,12:00,15:00,성310
전공,글로벌 경제와 법,화,1,3,09:00,12:00,nan
전공,비즈니스와 법,수,4,6,12:00,15:00,성701
전공,민주사회의 법과 시민역량,금,1,3,09:00,12:00,nan
전공,미적분학 및 연습,목,7,9,15:00,18:00,성305
전공,기초통계실습,수,1,3,09:00,12:00,수A-604
전공,기초통계실습,수,1,3,09:00,12:00,수A-603
전공,기초통계실습,화,4,6,12:00,15:00,수A-603
전공,핀테크 개론,목,4,6,12:00,15:00,수203
전공,행렬대수,월,4,6,12:00,15:00,수327
전공,행렬대수,목,7,9,15:00,18:00,성702
전공,해석학개론 및 연습 2,목,4,6,12:00,15:00,성302
전공,기하학 일반,월,7,9,15:00,18:00,수326
전공,선형대수학 및 연습 2,월,4,6,12:00,15:00,수C-740
전공,수학적 프로그래밍,수,4,6,12:00,15:00,수203
전공,확률 및 통계 입문,목,7,9,15:00,18:00,성306
전공,미분기하학 및 연습,월,4,6,12:00,15:00,수326
전공,현대대수학 및 연습 2,월,7,9,15:00,18:00,수C-739
전공,복소수적분론 및 연습,수,4,6,12:00,15:00,수405
전공,수학 교과교재연구 및 지도법,목,4,6,12:00,15:00,성612
전공,위상수학 및 연습 2,화,7,9,15:00,18:00,수326
전공,수치해석과 파이썬,화,4,6,12:00,15:00,성311
전공,편미분방정식과 응용,월,7,9,15:00,18:00,수408
전공,엑셀통계분석,수,7,9,15:00,18:00,수A-603
전공,엑셀통계분석,수,7,9,15:00,18:00,수A-604
전공,통계프로그래밍실습,목,1,3,09:00,12:00,수A-604
전공,수리통계학 2,화,1,3,09:00,12:00,성301
전공,회귀분석,수,4,6,12:00,15:00,성213
전공,회귀분석,월,4,6,12:00,15:00,성707
전공,파이썬통계분석,금,7,9,15:00,18:00,수A-604
전공,파이썬통계분석,화,7,9,15:00,18:00,수A-604
전공,데이터베이스개론,금,4,6,12:00,15:00,nan
전공,데이터베이스개론,금,4,6,12:00,15:00,성213
전공,생명과학자료분석,화,7,9,15:00,18:00,성707
전공,시계열자료분석,월,7,9,15:00,18:00,수327
전공,통계와 마케팅,수,7,9,15:00,18:00,성301
전공,SQL통계분석,화,4,6,12:00,15:00,nan
전공,SQL통계분석,화,4,6,12:00,15:00,수A-604
전공,다변량자료분석 II,목,4,6,12:00,15:00,수205
전공,데이터마이닝,월,4,6,12:00,15:00,수C-614
전공,금융데이터분석,화,7,9,15:00,18:00,수C-738
전공,고급통계분석,수,4,6,12:00,15:00,수A-604
전공,데이터사이언스실습,목,4,6,12:00,15:00,nan
전공,데이터기반 인공지능2,수,1,3,09:00,12:00,성504
전공,사회연결망분석,월,1,3,09:00,12:00,난205
전공,보험수리학개론,화,7,9,15:00,18:00,성311
전공,금융암호 구현 2,수,7,9,15:00,18:00,수210
전공,암호프로토콜개론,화,4,6,12:00,15:00,수326
전공,스마트 금융 데이터 분석,목,4,6,12:00,15:00,성707
전공,일반화학실험 2,화,4,6,12:00,15:00,운캠A 557
전공,일반화학실험 2,화,7,9,15:00,18:00,운캠A 557
전공,일반화학실험 2,수,4,6,12:00,15:00,운캠A 557
전공,일반화학실험 2,수,7,9,15:00,18:00,운캠A 557
전공,일반화학실험 2,목,1,3,09:00,12:00,운캠A 557
전공,일반화학실험 2,목,4,6,12:00,15:00,운캠A 449
전공,일반화학실험 2,목,4,6,12:00,15:00,운캠A 557
전공,일반화학실험 2,목,7,9,15:00,18:00,운캠A 449
전공,일반화학실험 2,목,7,9,15:00,18:00,운캠A 557
전공,분석화학실험,수,7,9,15:00,18:00,운캠A 449
전공,물리화학 2,화,1,3,09:00,12:00,운캠C 207
전공,유기화학 2,월,4,6,12:00,15:00,운캠C 212
전공,유기화학실험,화,4,6,12:00,15:00,운캠A 449
전공,분석화학 2,월,7,9,15:00,18:00,nan
전공,생화학 2,수,4,6,12:00,15:00,운캠B 529
전공,에너지 화학,목,4,6,12:00,15:00,운캠P 502
전공,무기화학 2,화,7,9,15:00,18:00,운캠C 208
전공,유기화학 3,목,1,3,09:00,12:00,운캠B-106
전공,물리화학실험,월,4,6,12:00,15:00,운캠B 531
전공,물리화학실험,월,7,9,15:00,18:00,운캠B 531
전공,기기분석,수,4,6,12:00,15:00,운캠C 207
전공,효소화학,화,4,6,12:00,15:00,운캠B 529
전공,반응공학,목,4,6,12:00,15:00,운캠B 329
전공,에너지화학실험,월,4,6,12:00,15:00,운캠A 449
전공,무기화학특강,월,4,6,12:00,15:00,운캠B 424
전공,유기합성화학,월,7,9,15:00,18:00,운캠B 540
전공,나노재료화학 2,화,7,9,15:00,18:00,운캠B 424
전공,표면화학,목,4,6,12:00,15:00,운캠B 531
전공,연구프로젝트 종합설계 2,화,4,6,12:00,15:00,nan
전공,영양학개론,화,4,6,12:00,15:00,운캠C 207
전공,생리학,월,7,9,15:00,18:00,운캠C 207
전공,빅데이터입문,화,4,6,12:00,15:00,운캠C 206
전공,스포츠영양학,수,7,9,15:00,18:00,운캠B-106
전공,생애주기영양학,수,4,6,12:00,15:00,운캠B 540
전공,보건프로그램 개발 및 평가,수,4,6,12:00,15:00,운캠C 205
전공,식품위생관계법규,화,7,9,15:00,18:00,운캠B 529
전공,보건의료법규,수,7,9,15:00,18:00,운캠B 531
전공,데이터분석Ⅱ(Python 심화),화,7,9,15:00,18:00,운캠B-108
전공,딥러닝 이론과 적용,목,4,6,12:00,15:00,운캠B-108
전공,바이오헬스종합설계,목,7,9,15:00,18:00,운캠B 329
전공,식품화학,화,4,6,12:00,15:00,운캠B 541
전공,급식경영 및 인사관리,목,4,6,12:00,15:00,운캠B 423
전공,영양생화학 2 및 실험,수,4,6,12:00,15:00,운캠A 650
전공,영양판정 및 실습,목,7,9,15:00,18:00,운캠B 540
전공,한국조리 및 실습,화,7,9,15:00,18:00,운캠A 741
전공,식사요법,월,4,6,12:00,15:00,운캠B 540
전공,임상영양학실험,목,4,6,12:00,15:00,운캠A 650
전공,식품가공학 및 실험,목,7,9,15:00,18:00,운캠A 757
전공,식품위생학,월,7,9,15:00,18:00,운캠B 541
전공,식품마케팅,수,7,9,15:00,18:00,운캠B 423
전공,기능성식품학,목,1,3,09:00,12:00,운캠C 208
전공,C++프로그래밍,월,7,9,15:00,18:00,프601
전공,C++프로그래밍,월,7,9,15:00,18:00,프605
전공,C++프로그래밍,목,7,9,15:00,18:00,수207
전공,C++프로그래밍,목,7,9,15:00,18:00,수213
전공,C++프로그래밍,목,1,3,09:00,12:00,수207
전공,C++프로그래밍,화,4,6,12:00,15:00,수214
전공,C++프로그래밍,화,4,6,12:00,15:00,수213
전공,C++프로그래밍,화,4,6,12:00,15:00,수207
전공,C++프로그래밍,수,7,9,15:00,18:00,수A-506
전공,C++프로그래밍,수,7,9,15:00,18:00,수213
전공,디지털컨텐츠,화,7,9,15:00,18:00,수404
전공,웹프로그래밍기초,목,4,6,12:00,15:00,미501
전공,웹프로그래밍기초,목,7,9,15:00,18:00,미501
전공,IT개론,화,7,9,15:00,18:00,성303
전공,IT개론,금,7,9,15:00,18:00,성211
전공,소프트웨어융합기술개론,화,4,6,12:00,15:00,성702
전공,소프트웨어융합기술개론,화,4,6,12:00,15:00,난505
전공,이산수학,월,4,6,12:00,15:00,수203
전공,이산수학,수,7,9,15:00,18:00,성305
전공,이산수학,월,7,9,15:00,18:00,성306
전공,자료구조,월,7,9,15:00,18:00,수207
전공,컴퓨터 네트워크,화,7,9,15:00,18:00,수327
전공,컴퓨터 네트워크,화,1,3,09:00,12:00,수203
전공,데이터베이스,목,7,9,15:00,18:00,nan
전공,데이터베이스,화,1,3,09:00,12:00,수213
전공,데이터베이스,금,4,6,12:00,15:00,수214
전공,운영체제,수,4,6,12:00,15:00,성211
전공,운영체제,목,4,6,12:00,15:00,성305
전공,자바프로그래밍,수,4,6,12:00,15:00,수223
전공,모바일서비스디자인,수,4,6,12:00,15:00,미501
전공,모바일서비스디자인,수,7,9,15:00,18:00,미501
전공,3D 모델링과 시뮬레이션,월,4,6,12:00,15:00,미501
전공,3D 모델링과 시뮬레이션,월,7,9,15:00,18:00,미501
전공,미디어스토리텔링 프로덕션,화,4,6,12:00,15:00,미501
전공,미디어스토리텔링 프로덕션,화,7,9,15:00,18:00,미501
전공,IoT 서비스설계,금,4,6,12:00,15:00,미501
전공,빅데이터분석,목,4,6,12:00,15:00,수223
전공,서비스플랫폼디자인,수,4,6,12:00,15:00,프410
전공,서비스플랫폼디자인,수,7,9,15:00,18:00,프410
전공,비즈니스서비스디자인,화,4,6,12:00,15:00,프410
전공,서비스측정 및 평가,화,4,6,12:00,15:00,프408
전공,서비스측정 및 평가,화,7,9,15:00,18:00,프408
전공,이노베이티브매니지먼트,화,4,6,12:00,15:00,미502
전공,문화와 행태 디자인,화,7,9,15:00,18:00,미502
전공,취업 및 창업 특강,목,7,9,15:00,18:00,프410
전공,생성형 인공지능 디자인,목,4,6,12:00,15:00,프410
전공,융합캡스톤디자인,수,4,6,12:00,15:00,프408
전공,서비스/UX 디자인 리서치,월,4,6,12:00,15:00,프410
전공,융합보안수사론,월,7,9,15:00,18:00,성305
전공,융합보안수사론,수,7,9,15:00,18:00,성311
전공,개인정보보호관리체계,화,4,6,12:00,15:00,난205
전공,정보보호론,수,4,6,12:00,15:00,수406
전공,기업정보보안관리체계,월,7,9,15:00,18:00,성301
전공,융합보안 비즈니스 활용론,월,4,6,12:00,15:00,성305
전공,악성코드분석,목,4,6,12:00,15:00,프601
전공,악성코드분석,목,7,9,15:00,18:00,프601
전공,정보보호컨설팅기법,목,7,9,15:00,18:00,성710
전공,보안성평가방법론,화,7,9,15:00,18:00,수C-740
전공,데이터베이스보안,수,7,9,15:00,18:00,프605
전공,데이터베이스보안,수,7,9,15:00,18:00,프601
전공,사이버 보안관제,화,4,6,12:00,15:00,프605
전공,사이버 보안관제,화,4,6,12:00,15:00,프601
전공,산업보안학,화,7,9,15:00,18:00,성701
전공,디지털포렌식,수,7,9,15:00,18:00,프508
전공,디지털포렌식,목,4,6,12:00,15:00,프508
전공,융합캡스톤디자인,월,4,6,12:00,15:00,수412
전공,융합보안특강,월,7,9,15:00,18:00,nan
전공,인공지능 보안,수,4,6,12:00,15:00,성306
전공,취창업특강,화,4,6,12:00,15:00,수B-1026
전공,파이썬 활용,화,1,3,09:00,12:00,수209
전공,파이썬 활용,수,7,9,15:00,18:00,수209
전공,고급자료구조,수,4,6,12:00,15:00,nan
전공,고급자바프로그래밍,월,4,6,12:00,15:00,수209
전공,기계학습,월,7,9,15:00,18:00,수205
전공,프로그래밍언어론,목,7,9,15:00,18:00,수210
전공,모바일프로그래밍,화,7,9,15:00,18:00,수209
전공,소프트웨어공학,월,7,9,15:00,18:00,수210
전공,상업 논리 및 논술,금,4,6,12:00,15:00,성607
전공,정보ㆍ컴퓨터 교과교재연구 및 지도법,금,7,9,15:00,18:00,성612
전공,오픈소스소프트웨어,화,4,6,12:00,15:00,수210
전공,정보보호,수,4,6,12:00,15:00,성707
전공,컴파일러,화,7,9,15:00,18:00,수210
전공,융합캡스톤디자인,화,4,6,12:00,15:00,수204
전공,컴퓨터공학특강,수,7,9,15:00,18:00,성308
전공,환경에너지소재융합개론,화,7,9,15:00,18:00,운캠B 530
전공,일반화학실험 2,월,4,6,12:00,15:00,운캠C 309
전공,일반화학실험 2,수,4,6,12:00,15:00,운캠C 309
전공,일반화학실험 2,수,7,9,15:00,18:00,운캠C 309
전공,소재와 환경,수,7,9,15:00,18:00,운캠B 540
전공,신재생에너지공학개론,월,7,9,15:00,18:00,운캠C 205
전공,재료과학과 공학 2,화,7,9,15:00,18:00,운캠B 540
전공,고체화학,금,4,6,12:00,15:00,nan
전공,재료의 전자기적특성 개론,수,4,6,12:00,15:00,운캠B 541
전공,기초재료공학실험 2,화,4,6,12:00,15:00,운캠C 412
전공,상평형과 상변태론,화,4,6,12:00,15:00,운캠C 205
전공,에너지소재공학,월,4,6,12:00,15:00,운캠C 205
전공,촉매공학,금,7,9,15:00,18:00,운캠C 207
전공,기후변화와 온실가스관리,금,4,6,12:00,15:00,운캠C 205
전공,재료 공학 실험 2,월,7,9,15:00,18:00,운캠C 412
전공,재료기기분석,화,7,9,15:00,18:00,nan
전공,핵심전략소재 공학,금,4,6,12:00,15:00,운캠B 529
전공,창의성 공학설계와 창업(캡스톤디자인) 2,목,7,9,15:00,18:00,운캠B 541
전공,반도체 소재 및 공정,목,4,6,12:00,15:00,운캠C 205
전공,세라믹 소재,수,7,9,15:00,18:00,운캠B 541
전공,바이오식품공학개론,화,7,9,15:00,18:00,운캠C 207
전공,생리학,월,4,6,12:00,15:00,운캠B 529
전공,기기분석개론,수,7,9,15:00,18:00,운캠C 209
전공,단백질공학,목,7,9,15:00,18:00,운캠C 205
전공,생화학 2,화,7,9,15:00,18:00,운캠B 541
전공,생화학실험,목,4,6,12:00,15:00,운캠C 614
전공,바이오식품소재공학,월,7,9,15:00,18:00,운캠C 208
전공,바이오식품소재공학실험,수,4,6,12:00,15:00,운캠C 614
전공,바이오프로세스,화,7,9,15:00,18:00,운캠C 209
전공,바이오식품화학실험,수,7,9,15:00,18:00,운캠C 614
전공,바이오식품화학 2,목,7,9,15:00,18:00,운캠C 209
전공,식품이화학시험검사 실습,화,4,6,12:00,15:00,운캠C 614
전공,바이오식품공학 2,목,4,6,12:00,15:00,운캠B 529
전공,바이오식품개발캡스톤디자인,화,1,3,09:00,12:00,운캠C 614
전공,HACCP의 이론과 응용,수,7,9,15:00,18:00,운캠C 211
전공,바이오식품포장공학,목,4,6,12:00,15:00,운캠C 207
전공,바이오식품산업동향 및 마케팅,수,7,9,15:00,18:00,운캠C 304
전공,바이오산업현장실습,목,1,3,09:00,12:00,운캠B 529
전공,일반생물학실험 2,월,7,9,15:00,18:00,운캠A 235
전공,일반생물학실험 2,화,4,6,12:00,15:00,운캠A 235
전공,일반생물학실험 2,화,7,9,15:00,18:00,운캠A 235
전공,일반생물학실험 2,수,4,6,12:00,15:00,운캠A 235
전공,일반생물학실험 2,수,7,9,15:00,18:00,운캠A 235
전공,일반생물학실험 2,목,4,6,12:00,15:00,운캠A 235
전공,일반생물학실험 2,목,7,9,15:00,18:00,운캠A 235
전공,생명공학개론 2,수,1,3,09:00,12:00,운캠P 502
전공,세포학,금,7,9,15:00,18:00,운캠C 311
전공,해부학-조직학 및 실험,목,4,6,12:00,15:00,운캠C 728
전공,분자생물학,화,1,3,09:00,12:00,운캠C 311
전공,미생물학,수,4,6,12:00,15:00,운캠C 311
전공,세포배양 -분석실험,월,4,6,12:00,15:00,운캠A 351
전공,세포배양 -분석실험,월,7,9,15:00,18:00,운캠A 351
전공,세포배양 -분석실험,화,1,3,09:00,12:00,운캠A 351
전공,세포배양 -분석실험,화,4,6,12:00,15:00,운캠A 351
전공,생물공정공학실험,금,1,3,09:00,12:00,운캠A 351
전공,생물공정공학실험,금,4,6,12:00,15:00,운캠A 351
전공,발생학 및 발생공학,수,7,9,15:00,18:00,운캠C 212
전공,보전생물학,금,4,6,12:00,15:00,운캠C 206
전공,생물정보학,목,4,6,12:00,15:00,운캠C 209
전공,생물정보학실험,화,4,6,12:00,15:00,운캠B-109
전공,생명공학창의설계 2,월,1,3,09:00,12:00,운캠B 541
전공,생식생리와 보조생식술,수,4,6,12:00,15:00,운캠C 209
전공,조직공학,목,7,9,15:00,18:00,운캠B 529
전공,유기화학 2,월,4,6,12:00,15:00,nan
전공,미적분학 및 연습 2,수,7,9,15:00,18:00,운캠C 207
전공,물리학 2,금,7,9,15:00,18:00,nan
전공,생화학 2,수,4,6,12:00,15:00,운캠B 529
전공,물리학실험,월,7,9,15:00,18:00,운캠A 352
전공,연구방법론 2,금,1,3,09:00,12:00,운캠C 309
전공,생물약제학,화,7,9,15:00,18:00,운캠C 103
전공,바이러스학,수,4,6,12:00,15:00,nan
전공,의약화학 2,화,7,9,15:00,18:00,운캠C 211
전공,인공지능수학,월,4,6,12:00,15:00,성303
전공,모바일프로그래밍,목,4,6,12:00,15:00,수214
전공,모바일프로그래밍,금,7,9,15:00,18:00,수214
전공,기계학습,목,7,9,15:00,18:00,성311
전공,기계학습,목,7,9,15:00,18:00,성303
전공,자료구조실습,수,4,6,12:00,15:00,수213
전공,자료구조실습,수,4,6,12:00,15:00,수A-506
전공,자료구조실습,금,1,3,09:00,12:00,수213
전공,빅데이터분석,화,4,6,12:00,15:00,수A-506
전공,빅데이터분석,금,4,6,12:00,15:00,수A-506
전공,강화학습,수,4,6,12:00,15:00,수205
전공,강화학습,월,4,6,12:00,15:00,수205
전공,융합캡스톤디자인,목,4,6,12:00,15:00,성311
전공,취업및창업특강,목,1,3,09:00,12:00,난604
전공,컴퓨터그래픽스,월,7,9,15:00,18:00,수214
전공,컴퓨터그래픽스,화,7,9,15:00,18:00,수213
전공,자연어처리,화,1,3,09:00,12:00,수214
전공,자연어처리,화,7,9,15:00,18:00,수214
전공,컴퓨터비전,목,7,9,15:00,18:00,성212
전공,컴퓨터비전,금,7,9,15:00,18:00,성212
전공,심층학습프로젝트,수,1,3,09:00,12:00,수213
전공,심층학습프로젝트,목,1,3,09:00,12:00,수213
전공,생성형AI프로젝트,수,4,6,12:00,15:00,수214
전공,마이크로컨트롤러응용실습,월,4,6,12:00,15:00,미401
전공,IoT네트워크,화,4,6,12:00,15:00,난706
전공,고급IoT시스템설계,수,7,9,15:00,18:00,미401
전공,모빌리티서비스,목,4,6,12:00,15:00,수A-506
전공,IoT 커넥티비티,화,7,9,15:00,18:00,수204
전공,해부학,수,5,6,13:00,15:00,운캠C 728
전공,해부학,수,7,8,15:00,17:00,운캠C 728
전공,건강과 글로벌이슈,화,5,7,13:00,16:00,운캠C 625
전공,건강과 글로벌이슈,화,1,3,09:00,12:00,운캠C 625
전공,국제개발협력의 이해,금,5,6,13:00,15:00,운캠C 625
전공,간호윤리,목,5,6,13:00,15:00,운캠C 212
전공,간호윤리,목,2,3,10:00,12:00,운캠P 502
전공,기본간호학 2,화,8,9,16:00,18:00,운캠C 728
전공,기본간호학 2,화,4,5,12:00,14:00,운캠C 728
전공,여성건강간호학 1,목,2,3,10:00,12:00,운캠P 503
전공,여성건강간호학 1,목,5,6,13:00,15:00,운캠P 503
전공,성인간호학 2,화,5,6,13:00,15:00,운캠C 729
전공,성인간호학 2,화,2,3,10:00,12:00,운캠C 739
전공,아동간호학 1,화,2,3,10:00,12:00,운캠P 502
전공,아동간호학 1,화,7,8,15:00,17:00,운캠C 729
전공,성인간호학 3,월,8,9,16:00,18:00,운캠C 728
전공,성인간호학 3,월,5,6,13:00,15:00,운캠C 728
전공,기본간호학실습 2,수,4,5,12:00,14:00,운캠C 509a
전공,기본간호학실습 2,수,4,5,12:00,14:00,운캠C 509b
전공,기본간호학실습 2,수,6,7,14:00,16:00,운캠C 509a
전공,기본간호학실습 2,수,6,7,14:00,16:00,운캠C 509b
전공,기본간호학실습 2,수,8,9,16:00,18:00,운캠C 509a
전공,기본간호학실습 2,수,8,9,16:00,18:00,운캠C 509b
전공,환자안전,금,2,3,10:00,12:00,운캠C 625
전공,여성건강간호학실습,월,5,6,13:00,15:00,nan
전공,여성건강간호학실습,월,3,4,11:00,13:00,nan
전공,여성건강간호학실습,월,1,2,09:00,11:00,nan
전공,아동간호학실습,월,1,2,09:00,11:00,nan
전공,아동간호학실습,월,3,4,11:00,13:00,nan
전공,아동간호학실습,월,5,6,13:00,15:00,nan
전공,정신간호학 2,화,5,7,13:00,16:00,운캠C 739
전공,정신간호학 2,목,5,7,13:00,16:00,운캠C 739
전공,정신간호학 2,화,1,3,09:00,12:00,운캠C 728
전공,정신간호학 2,목,1,3,09:00,12:00,운캠C 728
전공,보건교육,수,5,6,13:00,15:00,운캠C 729
전공,보건교육,목,2,3,10:00,12:00,운캠C 729
전공,보건교육,수,2,3,10:00,12:00,운캠C 729
전공,보건교육,목,5,6,13:00,15:00,운캠C 729
전공,성인간호학 5,화,8,9,16:00,18:00,"운캠C 729,운캠P 502"
전공,성인간호학 5,수,7,8,15:00,17:00,"운캠C 729,운캠P 502"
전공,성인간호학 5,화,5,6,13:00,15:00,"운캠C 739,운캠P 502"
전공,성인간호학 5,수,5,6,13:00,15:00,"운캠C 739,운캠P 502"
전공,간호정보학,목,4,5,12:00,14:00,nan
전공,감염과 간호,목,6,7,14:00,16:00,운캠C 306
전공,간호연구 및 통계,금,1,3,09:00,12:00,운캠C 207
전공,간호연구 및 통계,금,5,7,13:00,16:00,운캠C 728
전공,보건의료관계법규,목,6,7,14:00,16:00,운캠C 204
전공,보건의료관계법규,목,3,4,11:00,13:00,운캠C 204
전공,간호관리학실습,화,1,2,09:00,11:00,nan
전공,간호관리학실습,화,3,4,11:00,13:00,nan
전공,간호관리학실습,화,5,6,13:00,15:00,nan
전공,성인간호학실습 4,월,1,2,09:00,11:00,nan
전공,성인간호학실습 4,월,3,4,11:00,13:00,nan
전공,성인간호학실습 4,월,5,6,13:00,15:00,nan
전공,지역보건소실습,수,1,2,09:00,11:00,nan
전공,지역보건소실습,수,3,4,11:00,13:00,nan
전공,지역보건소실습,수,5,6,13:00,15:00,nan
전공,가정 교과교재 연구 및 지도법,월,4,6,12:00,15:00,운캠B 229
전공,서양의복구성,목,4,6,12:00,15:00,운캠B 427
전공,서양의복구성,목,7,9,15:00,18:00,운캠B 427
전공,서양의복구성,화,4,6,12:00,15:00,운캠B 534
전공,패션일러스트레이션,월,4,6,12:00,15:00,운캠B 645
전공,패션일러스트레이션,월,7,9,15:00,18:00,운캠B 645
전공,패션일러스트레이션,화,4,6,12:00,15:00,운캠B 645
전공,패션일러스트레이션,월,4,6,12:00,15:00,운캠B 646
전공,패션디자인CAD 1,화,1,3,09:00,12:00,운캠B-109
전공,패션디자인CAD 1,목,4,6,12:00,15:00,운캠B-109
전공,패션디자인CAD 1,목,7,9,15:00,18:00,운캠B-109
전공,패션산업의 이해,화,7,9,15:00,18:00,운캠B 647
전공,한국복식문화,화,7,9,15:00,18:00,운캠C 212
전공,한국복식디자인 2,월,4,6,12:00,15:00,운캠B 427
전공,패턴제작 및 구성,금,4,6,12:00,15:00,운캠B 427
전공,패턴제작 및 구성,월,4,6,12:00,15:00,운캠B 430
전공,컬러정보와 디자인,화,7,9,15:00,18:00,운캠B 645
전공,컬러정보와 디자인,수,4,6,12:00,15:00,운캠B 645
전공,드레이핑 테크닉,목,4,6,12:00,15:00,운캠B 534
전공,드레이핑 테크닉,목,7,9,15:00,18:00,운캠B 534
전공,이노베이티브패션디자인,월,7,9,15:00,18:00,운캠B 425
전공,이노베이티브패션디자인,화,7,9,15:00,18:00,운캠B 425
전공,패션 광고마케팅 프로젝트,화,4,6,12:00,15:00,운캠B 647
전공,의복구성실무,수,7,9,15:00,18:00,운캠B 425
전공,패션소재기획,금,4,6,12:00,15:00,운캠B 530
전공,패션디자인스튜디오,수,7,9,15:00,18:00,운캠B 645
전공,패션디자인스튜디오,화,7,9,15:00,18:00,운캠B 646
전공,패턴 CAD,화,4,6,12:00,15:00,운캠B 425
전공,패턴 CAD,목,4,6,12:00,15:00,운캠B 425
전공,패턴 CAD,목,7,9,15:00,18:00,운캠B 425
전공,글로벌패션유통산업,월,4,6,12:00,15:00,운캠B-109
전공,글로벌패션유통산업,수,4,6,12:00,15:00,운캠B-109
전공,전통복식 기획과 창업,목,4,6,12:00,15:00,운캠B 537
전공,남성복 연구,월,7,9,15:00,18:00,운캠B 427
전공,남성복 연구,화,7,9,15:00,18:00,운캠B 427
전공,전통과 현대염색기법,수,4,6,12:00,15:00,운캠B 433
전공,테크니컬 디자인,목,7,9,15:00,18:00,운캠B 645
전공,테크니컬 디자인,금,7,9,15:00,18:00,운캠C 305
전공,패션창업과 마케팅 1,수,7,9,15:00,18:00,운캠B 647
전공,소비자정보와 교육,화,4,6,12:00,15:00,운캠C 212
전공,지역생활문화콘텐츠,목,7,9,15:00,18:00,운캠C 304
전공,서비스와 커뮤니케이션,수,4,6,12:00,15:00,운캠P 502
전공,소비자 의사결정론,수,7,9,15:00,18:00,운캠C 206
전공,소비자 의사결정론,월,4,6,12:00,15:00,운캠C 103
전공,가족학,금,7,9,15:00,18:00,운캠C 206
전공,생활문화상품개발,화,7,9,15:00,18:00,운캠C 304
전공,소비자행동과 마케팅,화,1,3,09:00,12:00,운캠B 529
전공,소비자경제학,화,1,3,09:00,12:00,운캠C 212
전공,보험과 은퇴설계,수,4,6,12:00,15:00,운캠C 304
전공,연구 및 조사방법,월,7,9,15:00,18:00,운캠C 209
전공,소비자투자와 자산관리,월,4,6,12:00,15:00,운캠B 530
전공,소비자심리와 광고,목,1,3,09:00,12:00,운캠B 530
전공,소비자법과 정책,목,4,6,12:00,15:00,운캠B 541
전공,금융소비자와 시장,목,7,9,15:00,18:00,운캠B 424
전공,컨벤션문화산업,목,4,6,12:00,15:00,운캠C 211
전공,소비자학응용세미나,금,1,3,09:00,12:00,운캠C 310
전공,소비자중심경영,금,4,6,12:00,15:00,운캠C 211
전공,미용 중국어기초,수,5,6,13:00,15:00,운캠C 212
전공,화장품학개론,금,7,9,15:00,18:00,운캠C 204
전공,뷰티 일러스트레이션,월,5,6,13:00,15:00,운캠P 607
전공,기초에스테틱,화,4,6,12:00,15:00,운캠P 603
전공,기초에스테틱,수,7,9,15:00,18:00,운캠P 603
전공,기초에스테틱,월,7,9,15:00,18:00,운캠P 603
전공,뷰티색채학,화,4,6,12:00,15:00,운캠C 209
전공,시대별 테마 메이크업,목,4,6,12:00,15:00,운캠P 604
전공,시대별 테마 메이크업,수,7,9,15:00,18:00,운캠P 604
전공,향과 아로마테라피,목,1,3,09:00,12:00,운캠P 606
전공,향과 아로마테라피,화,7,9,15:00,18:00,운캠P 606
전공,이미지메이킹,금,5,6,13:00,15:00,운캠P 604
전공,이미지메이킹,월,5,6,13:00,15:00,운캠P 604
전공,뷰티크리에이터,월,7,9,15:00,18:00,운캠P 606
전공,뷰티크리에이터,수,7,9,15:00,18:00,운캠P 607
전공,실무헤어스타일링,월,4,6,12:00,15:00,운캠C 615
전공,실무헤어스타일링,월,7,9,15:00,18:00,운캠C 615
전공,뷰티네일,화,1,3,09:00,12:00,운캠P 606
전공,뷰티네일,목,4,6,12:00,15:00,운캠P 606
전공,뷰티네일,금,7,9,15:00,18:00,운캠P 606
전공,기능성 화장품학,월,7,9,15:00,18:00,운캠C 211
전공,3D 캐릭터분장,화,4,6,12:00,15:00,운캠P 607
전공,3D 캐릭터분장,화,7,9,15:00,18:00,운캠P 607
전공,인체해부생리학,목,4,6,12:00,15:00,운캠B-106
전공,화장품 품질경영,화,7,9,15:00,18:00,운캠P 605
전공,뷰티 마케팅과 경영,목,1,3,09:00,12:00,운캠C 212
전공,아트메이크업,화,1,3,09:00,12:00,운캠P 607
전공,프로스테틱 특수분장,목,4,6,12:00,15:00,운캠P 607
전공,프로스테틱 특수분장,목,7,9,15:00,18:00,운캠P 607
전공,뷰티 트렌드 세미나,수,4,6,12:00,15:00,운캠P 607
전공,전공 실무인턴십,목,2,3,10:00,12:00,운캠P 604
전공,야외활동,화,7,9,15:00,18:00,체101
전공,야외활동,수,7,9,15:00,18:00,체101
전공,수상안전 및 인명구조,금,7,9,15:00,18:00,nan
전공,태권도,목,4,6,12:00,15:00,난104
전공,태권도,금,4,6,12:00,15:00,난104
전공,댄스로빅,화,4,6,12:00,15:00,프701
전공,댄스로빅,월,1,3,09:00,12:00,프701
전공,스피드 스케이팅,금,1,3,09:00,12:00,nan
전공,건강운동심리학,수,4,6,12:00,15:00,난505
전공,헬스트레이닝,목,1,3,09:00,12:00,nan
전공,헬스트레이닝,목,7,9,15:00,18:00,nan
전공,스포츠산업‧경제론,목,4,6,12:00,15:00,성702
전공,운동생리실습,화,4,6,12:00,15:00,수C-737
전공,운동생리실습,화,7,9,15:00,18:00,성713
전공,해양스포츠 2,금,1,3,09:00,12:00,nan
전공,운동처방실습,목,4,6,12:00,15:00,난302
전공,운동처방실습,목,7,9,15:00,18:00,수341
전공,스포츠사회학,금,1,3,09:00,12:00,성307
전공,스키,금,4,6,12:00,15:00,nan
전공,배드민턴,금,4,6,12:00,15:00,체101
전공,스포츠의학,화,4,6,12:00,15:00,난807
전공,스포츠와 대중매체,화,4,6,12:00,15:00,수C-843
전공,스포츠 마케팅 사례연구,목,4,6,12:00,15:00,성705
전공,스포츠응급처치,수,4,6,12:00,15:00,수409
전공,크로스핏,화,1,3,09:00,12:00,체101
전공,근관절 생리학,목,4,6,12:00,15:00,수C-614
전공,운동재활트레이닝,화,4,6,12:00,15:00,nan
전공,운동역학과 재활,월,1,3,09:00,12:00,수408
전공,소마틱재활요법,화,7,9,15:00,18:00,프701
전공,소마틱재활요법,수,7,9,15:00,18:00,프701
전공,건강체력측정평가,수,4,6,12:00,15:00,수C-614
전공,운동재활의학,화,4,6,12:00,15:00,수C-615
전공,교정운동,월,7,9,15:00,18:00,프701
전공,마음챙김과 심리기술,화,1,3,09:00,12:00,수205
전공,장애 근골격측정평가론,월,4,5,12:00,14:00,성706
전공,짐볼과 밴드운동재활,수,4,6,12:00,15:00,프701
전공,노인재활운동,목,7,9,15:00,18:00,수C-614
전공,운동영양학,목,1,3,09:00,12:00,성213
전공,교육과정과 수업,목,7,9,15:00,18:00,수C-617
전공,학교상담론,수,4,6,12:00,15:00,성612
전공,교육고전의 향연,수,4,6,12:00,15:00,성607
전공,교육행정,화,7,9,15:00,18:00,수409
전공,교육공학,금,4,6,12:00,15:00,성601
전공,현대교육사상과 학교교육,월,4,6,12:00,15:00,성607
전공,평생교육방법론,월,1,3,09:00,12:00,수412
전공,교육학 논리 및 논술,화,4,6,12:00,15:00,성607
전공,교육학 교과교재연구 및 지도법,목,4,6,12:00,15:00,수C-843
전공,학습장애학생교육,목,1,3,09:00,12:00,성612
전공,다문화교육과 교육과정,수,4,6,12:00,15:00,수C-617
전공,진로교육 및 진로지도사례분석,월,7,9,15:00,18:00,수411
전공,청소년문화의이해,수,4,6,12:00,15:00,수C-736
전공,정치와 사회,목,4,6,12:00,15:00,수407
전공,경제와 사회,화,7,9,15:00,18:00,성601
전공,디지털 사회의 정치과정,화,7,9,15:00,18:00,수407
전공,민주사회와 헌법,월,1,3,09:00,12:00,수409
전공,소수자와 사회적 불평등,목,4,6,12:00,15:00,수C-736
전공,사회과 미디어 리터러시 교육의 이해,목,7,9,15:00,18:00,수C-736
전공,공공경제학개론,금,7,9,15:00,18:00,수C-843
전공,일반사회 교과교재연구 및 지도법,금,4,6,12:00,15:00,수413
전공,시민교육과 사회윤리,월,1,3,09:00,12:00,수C-737
전공,가족과 젠더의 이해,수,7,9,15:00,18:00,수C-736
전공,영화속의 정치 이데올로기,월,7,9,15:00,18:00,수407
전공,학교경제교육연습,화,4,6,12:00,15:00,성601
전공,사회과학방법론,화,4,6,12:00,15:00,수C-736
전공,철학으로 보는 세상,화,4,6,12:00,15:00,수205
전공,통일교육론,목,4,6,12:00,15:00,성704
전공,제자백가의 사상,목,7,9,15:00,18:00,성310
전공,도덕.윤리교육론,화,4,6,12:00,15:00,성213
전공,동양윤리사상,월,4,6,12:00,15:00,수C-615
전공,서양윤리사상,목,4,6,12:00,15:00,성607
전공,불교윤리사상,목,4,6,12:00,15:00,수C-617
전공,응용윤리,월,7,9,15:00,18:00,성706
전공,사회정의론,화,4,6,12:00,15:00,수411
전공,도덕윤리 교과교재연구 및 지도법,수,7,9,15:00,18:00,수C-844
전공,현대인문학과 윤리특강,금,4,6,12:00,15:00,성711
전공,윤리와 사상 교과교육론,월,7,9,15:00,18:00,성712
전공,동양윤리교육론,화,4,6,12:00,15:00,수C-738
전공,사서입문,목,4,6,12:00,15:00,수C-739
전공,한문문법교육론,목,1,3,09:00,12:00,수204
전공,한시교육론,수,4,6,12:00,15:00,수411
전공,한국한문학사1,화,1,3,09:00,12:00,성309
전공,맹자강독,화,4,6,12:00,15:00,수C-739
전공,역대산문선독,수,7,9,15:00,18:00,수C-739
전공,한문 교과교재연구 및 지도법,목,10,12,18:00,,성301
전공,한문교육연습,월,4,6,12:00,15:00,수C-739
전공,한문 논리 및 논술,목,7,9,15:00,18:00,수C-739
전공,한문학과 문화콘텐츠,목,4,6,12:00,15:00,수411
전공,아동건강교육,월,4,6,12:00,15:00,수409
전공,동요반주법 2,월,7,8,15:00,17:00,수C-1036
전공,영유아교수방법론,화,7,9,15:00,18:00,성607
전공,아동복지론,수,4,6,12:00,15:00,수210
전공,아동미술,수,4,6,12:00,15:00,수C-738
전공,유아음악교육,목,7,9,15:00,18:00,수411
전공,유아교육과정,화,7,9,15:00,18:00,수411
전공,아동문학,목,4,6,12:00,15:00,난801
전공,유치원 교과교재연구 및 지도법,목,4,6,12:00,15:00,수413
전공,유아관찰 및 실습,월,4,6,12:00,15:00,수C-736
전공,아동생활지도,화,7,9,15:00,18:00,수C-736
전공,부모교육론,월,7,9,15:00,18:00,수C-736
전공,아동안전관리,목,7,9,15:00,18:00,수C-738
전공,유아를 위한 지속가능발전교육,수,7,9,15:00,18:00,nan
전공,미술사2,화,7,8,15:00,17:00,난206
전공,민화와 아이디어의 개발2,목,1,3,09:00,12:00,조1-702
전공,민화와 아이디어의 개발2,목,4,6,12:00,15:00,조1-702
전공,전통매체기법의 이해2,월,7,9,15:00,18:00,조1-306
전공,전통매체기법의 이해2,목,1,3,09:00,12:00,조1-306
전공,획과 여백2,화,4,6,12:00,15:00,조1-306
전공,획과 여백2,화,4,6,12:00,15:00,조1-702
전공,현대수묵화연구2,수,7,8,15:00,17:00,"조1-301,조1-409"
전공,현대수묵화연구2,수,8,9,16:00,18:00,"조1-301,조1-409"
전공,현대수묵화연구2,목,4,6,12:00,15:00,조1-401
전공,중국미술사,월,4,6,12:00,15:00,성308
전공,서화기초 2,금,7,9,15:00,18:00,조1-306
전공,현대동양화 2,화,7,8,15:00,17:00,"조1-301,조1-302"
전공,현대동양화 2,화,8,9,16:00,18:00,"조1-301,조1-302"
전공,현대동양화 2,월,7,9,15:00,18:00,조1-401
전공,채색화기초2,월,7,9,15:00,18:00,조1-702
전공,채색화기초2,수,7,9,15:00,18:00,조1-401
전공,조형과 표현2,수,4,6,12:00,15:00,조1-301
전공,조형과 표현2,화,4,6,12:00,15:00,조1-401
전공,색채와 표현2,수,4,6,12:00,15:00,조1-307
전공,색채와 표현2,목,1,3,09:00,12:00,조1-410
전공,융합매체2,목,4,6,12:00,15:00,조1-307
전공,현대동양화4,월,7,9,15:00,18:00,조1-307
전공,현대동양화4,월,7,9,15:00,18:00,조1-410
전공,현장드로잉2,목,7,9,15:00,18:00,조1-307
전공,현장드로잉2,수,4,6,12:00,15:00,조1-410
전공,디지털 미디어와 창작2,화,7,9,15:00,18:00,조1-701
전공,한국회화 스튜디오2,월,5,6,13:00,15:00,조1-512
전공,한국회화 스튜디오2,화,5,6,13:00,15:00,조1-512
전공,한국회화 스튜디오2,화,7,8,15:00,17:00,조1-512
전공,한국회화 스튜디오2,월,7,8,15:00,17:00,조1-511
전공,한국회화 스튜디오2,화,5,6,13:00,15:00,조1-511
전공,한국회화 스튜디오2,화,7,8,15:00,17:00,조1-511
전공,창작스튜디오2,월,7,9,15:00,18:00,조1-512
전공,창작스튜디오2,수,4,6,12:00,15:00,조1-512
전공,창작스튜디오2,월,4,6,12:00,15:00,조1-511
전공,창작스튜디오2,수,7,9,15:00,18:00,조1-511
전공,순수미술 4,월,7,9,15:00,18:00,조1-704
전공,순수미술 4,목,4,6,12:00,15:00,조1-704
전공,순수미술 5,화,4,6,12:00,15:00,조1-704
전공,순수미술 5,수,4,6,12:00,15:00,조1-704
전공,순수미술 6,수,7,9,15:00,18:00,조1-604
전공,순수미술 6,월,7,9,15:00,18:00,조1-605
전공,미술이론 2(서양 모더니즘미술사),화,4,6,12:00,15:00,성307
전공,현대회화 2(디지털),화,1,3,09:00,12:00,조1-701
전공,현대회화 2(실험),목,7,9,15:00,18:00,조1-501
전공,현대회화 2(실험),목,4,6,12:00,15:00,조1-509
전공,현대회화 2(드로잉),목,4,6,12:00,15:00,조1-501
전공,현대회화 2(드로잉),목,7,9,15:00,18:00,조1-509
전공,현대회화 2(판화),수,4,6,12:00,15:00,조1-501
전공,현대회화 2(판화),목,1,3,09:00,12:00,조1-509
전공,현대회화 2(재현),월,4,6,12:00,15:00,조1-501
전공,현대회화 2(재현),수,4,6,12:00,15:00,조1-509
전공,미술이론 3(동시대 미술의 동향),월,4,6,12:00,15:00,성306
전공,현대회화 4(뉴미디어),목,1,3,09:00,12:00,조1-701
전공,현대회화 4(뉴미디어),목,7,9,15:00,18:00,조1-701
전공,현대회화 4(구상),화,7,9,15:00,18:00,조1-610
전공,현대회화 4(구상),수,4,6,12:00,15:00,조1-611
전공,현대회화 4(추상),수,4,6,12:00,15:00,조1-610
전공,현대회화 4(추상),목,4,6,12:00,15:00,조1-611
전공,현대회화 4(복합매체),수,7,9,15:00,18:00,조1-610
전공,현대회화 4(복합매체),월,7,9,15:00,18:00,조1-611
전공,작품연구 5,월,4,6,12:00,15:00,조1-601
전공,작품연구 5,월,7,9,15:00,18:00,조1-606
전공,작품연구 6,화,4,6,12:00,15:00,조1-601
전공,작품연구 6,화,7,9,15:00,18:00,조1-606
전공,작품연구 7,화,1,3,09:00,12:00,조1-601
전공,작품연구 7,수,1,3,09:00,12:00,조1-606
전공,작품연구 8,월,7,9,15:00,18:00,조1-601
전공,작품연구 8,화,4,6,12:00,15:00,조1-606
전공,창의 드로잉,금,4,6,12:00,15:00,조1-210
전공,창의 드로잉,금,7,9,15:00,18:00,조1-210
전공,기초 소조,수,4,6,12:00,15:00,조1-210
전공,기초 소조,수,7,9,15:00,18:00,조1-210
전공,입체와 공간,목,4,6,12:00,15:00,조1-103
전공,입체와 공간,화,4,6,12:00,15:00,조1-103
전공,미디어 아트 2,월,4,6,12:00,15:00,조1-701
전공,미디어 아트 2,목,4,6,12:00,15:00,조1-701
전공,도조기법,금,4,6,12:00,15:00,조1-B104-1
전공,도조기법,월,4,6,12:00,15:00,조1-B104-1
전공,석조기법 2,수,7,9,15:00,18:00,조1-108
전공,석조기법 2,수,4,6,12:00,15:00,조1-108
전공,형상조소2,월,1,3,09:00,12:00,조1-102
전공,형상조소2,수,4,6,12:00,15:00,조1-102
전공,형상조소2,목,7,9,15:00,18:00,조1-102
전공,형상조소2,월,7,9,15:00,18:00,조1-102
전공,형상조소2,화,4,6,12:00,15:00,조1-102
전공,형상조소2,수,7,9,15:00,18:00,조1-102
전공,디지털 조형 2,수,1,3,09:00,12:00,조1-701
전공,디지털 조형 2,수,4,6,12:00,15:00,조1-701
전공,현대조각 2,월,4,6,12:00,15:00,조1-214
전공,현대조각 2,월,7,9,15:00,18:00,조1-214
전공,현대조각 2,월,4,6,12:00,15:00,조1-215
전공,현대조각 2,월,7,9,15:00,18:00,조1-215
전공,형상표현2,수,7,8,15:00,17:00,조1-214
전공,형상표현2,수,8,9,16:00,18:00,조1-214
전공,형상표현2,수,7,8,15:00,17:00,조1-215
전공,형상표현2,수,8,9,16:00,18:00,조1-215
전공,재료기법 2,화,7,9,15:00,18:00,조1-101
전공,재료기법 2,목,7,9,15:00,18:00,조1-101
전공,동시대 조각의 현장 2,목,5,6,13:00,15:00,성712
전공,자유창작 2,월,7,9,15:00,18:00,조1-106
전공,자유창작 2,화,4,6,12:00,15:00,조1-106
전공,자유창작 2,화,7,9,15:00,18:00,조1-106
전공,자유창작 2,월,4,6,12:00,15:00,조1-104
전공,자유창작 2,화,4,6,12:00,15:00,조1-104
전공,자유창작 2,화,7,9,15:00,18:00,조1-104
전공,2D디지털그래픽 2,금,4,6,12:00,15:00,수222
전공,2D디지털그래픽 2,목,1,3,09:00,12:00,수222
전공,2D디지털그래픽 2,월,4,6,12:00,15:00,수222
전공,통합금속공예실기 2,목,4,6,12:00,15:00,조2-106
전공,통합금속공예실기 2,화,4,6,12:00,15:00,조2-106
전공,통합금속공예실기 2,수,4,6,12:00,15:00,조2-106
전공,통합도자공예실기 2,수,4,6,12:00,15:00,조1-B103
전공,통합도자공예실기 2,수,7,9,15:00,18:00,조1-B103
전공,통합도자공예실기 2,화,4,6,12:00,15:00,조1-B103
전공,텍스타일 조형실습 2,화,7,9,15:00,18:00,조2-206
전공,텍스타일 조형실습 2,월,7,9,15:00,18:00,조2-206
전공,텍스타일 조형실습 2,목,7,9,15:00,18:00,조2-206
전공,금속전공이론 2,화,7,9,15:00,18:00,조2-204
전공,색채표현연구,수,4,6,12:00,15:00,조2-301
전공,3D디지털모델링 2,목,4,6,12:00,15:00,조2-301
전공,3D디지털모델링 2,목,7,9,15:00,18:00,조2-301
전공,금속표현연구 2,월,7,9,15:00,18:00,조2-204
전공,금속·주얼리디자인기초 2,목,7,9,15:00,18:00,조2-204
전공,도자표현연구 2,수,4,6,12:00,15:00,난105
전공,텍스타일프린팅,목,7,9,15:00,18:00,조2-508
전공,도자리빙디자인기초 2,화,7,9,15:00,18:00,조1-B103
전공,텍스타일소재개발 2,월,7,9,15:00,18:00,조2-508
전공,텍스타일드로잉2,화,4,6,12:00,15:00,조2-508
전공,도자장식기초 2,월,4,6,12:00,15:00,조1-B103
전공,도자리빙디자인 2,월,7,9,15:00,18:00,조1-B103
전공,주얼리디자인 2,화,4,6,12:00,15:00,조2-202
전공,금속리빙디자인 2,수,7,9,15:00,18:00,조2-202
전공,산업금속프로세스 2,월,4,6,12:00,15:00,조2-202
전공,디지털세라믹프로세스2,목,4,6,12:00,15:00,조1-B103
전공,디지털써피스디자인 2,월,7,9,15:00,18:00,조2-301
전공,아트패브릭 2,수,7,9,15:00,18:00,조2-601
전공,우븐디자인프로세스,화,4,6,12:00,15:00,조2-509
전공,테이블웨어프로젝트 2,화,4,6,12:00,15:00,난105
전공,텍스타일프로덕트디자인 2,금,4,6,12:00,15:00,조2-602
전공,테이블웨어디자인 2,금,4,6,12:00,15:00,난105
전공,공간장식도자 2,월,4,6,12:00,15:00,조1-B201
전공,상품개발 및 마케팅 2,화,4,6,12:00,15:00,조2-301
전공,금속리빙디자인 4,월,7,9,15:00,18:00,조2-201
전공,아트주얼리 2,월,4,6,12:00,15:00,조2-201
전공,세라믹프로덕트 디자인 2,목,7,9,15:00,18:00,조1-B201
전공,텍스타일디자인기획 2,월,4,6,12:00,15:00,조2-301
전공,주얼리디자인기획 2,목,7,9,15:00,18:00,조2-201
전공,시각적 발상과 표현,화,4,6,12:00,15:00,조2-408
전공,시각적 발상과 표현,월,7,9,15:00,18:00,조2-408
전공,시각적 발상과 표현,수,4,6,12:00,15:00,조2-408
전공,시각적 발상과 표현,화,7,9,15:00,18:00,조2-408
전공,기초디자인2,화,1,3,09:00,12:00,조2-503
전공,기초디자인2,목,7,9,15:00,18:00,성309
전공,기초디자인2,월,4,6,12:00,15:00,성307
전공,공간디자인 기초와 실습,수,1,3,09:00,12:00,조2-412
전공,공간디자인 기초와 실습,수,7,9,15:00,18:00,조2-412
전공,공간디자인 기초와 실습,금,4,6,12:00,15:00,조2-413
전공,디자인사,목,4,6,12:00,15:00,수430
전공,타이포그래피 2,수,4,6,12:00,15:00,난302
전공,타이포그래피 2,화,1,3,09:00,12:00,조2-408
전공,타이포그래피 2,월,7,9,15:00,18:00,조2-413
전공,타이포그래피 2,수,7,9,15:00,18:00,난302
전공,디자인씽킹워크숍,월,7,9,15:00,18:00,조2-503
전공,디자인씽킹워크숍,목,1,3,09:00,12:00,성607
전공,디자인씽킹워크숍,수,7,9,15:00,18:00,조2-503
전공,정보그래픽디자인,화,4,6,12:00,15:00,"수222,조2-503"
전공,정보그래픽디자인,화,7,9,15:00,18:00,"수222,조2-503"
전공,정보그래픽디자인,목,7,9,15:00,18:00,"수222,조2-503"
전공,인터랙티브어플리케이션디자인,화,4,6,12:00,15:00,난805
전공,모션그래픽 워크샵 2,목,4,6,12:00,15:00,조2-401
전공,중급 공간디자인실습 2,수,7,9,15:00,18:00,조2-502
전공,전시디자인,수,4,6,12:00,15:00,조2-502
전공,브랜딩2,목,4,6,12:00,15:00,조2-408
전공,브랜딩2,목,7,9,15:00,18:00,조2-504
전공,그래픽디자인,월,4,6,12:00,15:00,조2-408
전공,그래픽디자인,화,7,9,15:00,18:00,조2-413
전공,인터페이스디자인프로젝트,목,1,3,09:00,12:00,성301
전공,디지털이미징 2,수,7,9,15:00,18:00,난801
전공,생활용품디자인,금,7,9,15:00,18:00,조2-401
전공,공간디자인 CAD,수,1,3,09:00,12:00,조2-401
전공,디자인씽킹스튜디오 2,금,7,9,15:00,18:00,조2-503
전공,시각디자인스튜디오 2,화,4,6,12:00,15:00,조2-504
전공,시각디자인스튜디오 2,금,4,6,12:00,15:00,조2-408
전공,시각디자인스튜디오 2,수,4,6,12:00,15:00,조2-504
전공,미디어디자인프로젝트 2,수,1,3,09:00,12:00,난302
전공,정보경험디자인스튜디오 2,목,4,5,12:00,14:00,조2-503
전공,정보경험디자인스튜디오 2,목,4,6,12:00,15:00,조2-503
전공,정보경험디자인스튜디오 2,목,5,6,13:00,15:00,조2-503
전공,공간디자인스튜디오 2,화,7,9,15:00,18:00,조2-501
전공,AI 디자인스튜디오 2,월,4,6,12:00,15:00,조2-501
전공,모션그래픽스스튜디오 2,목,1,3,09:00,12:00,조2-401
전공,모션그래픽스스튜디오 2,목,7,9,15:00,18:00,조2-401
전공,BX디자인프로젝트,월,7,9,15:00,18:00,성713
전공,디자인 포트폴리오,수,7,9,15:00,18:00,조2-504
전공,이태리예술가곡,화,6,7,14:00,16:00,성408
전공,독일어딕션,목,6,7,14:00,16:00,음301
전공,학내연주 2,화,4,5,12:00,14:00,수420
전공,합창 2,월,8,9,16:00,18:00,수420
전공,시창.청음 2,화,2,3,10:00,12:00,성408
전공,클래스피아노 2,수,5,6,13:00,15:00,음209
전공,성악 세미나 2,목,4,5,12:00,14:00,성408
전공,불어딕션,수,6,7,14:00,16:00,음301
전공,학내연주 4,화,4,5,12:00,14:00,수420
전공,합창 4,월,8,9,16:00,18:00,수420
전공,클래스피아노 4,목,2,3,10:00,12:00,음209
전공,화성법 2,수,4,5,12:00,14:00,음204
전공,성악인턴십2,월,6,7,14:00,16:00,조2-311
전공,대사 및 연기수업,월,4,5,12:00,14:00,성408
전공,성악문헌 2,목,1,2,09:00,11:00,성408
전공,학내연주 6,화,4,5,12:00,14:00,수420
전공,합창 6,월,8,9,16:00,18:00,수420
전공,영어딕션,목,7,8,15:00,17:00,성408
전공,한국가곡연구,수,4,5,12:00,14:00,음301
전공,오라토리오,목,3,4,11:00,13:00,nan
전공,음악교육프로그램개발,목,3,4,11:00,13:00,조2-207
전공,합창지휘 2,월,6,7,14:00,16:00,성408
전공,20세기음악연구,화,3,4,11:00,13:00,음209
전공,오페라워크샵 2,수,7,8,15:00,17:00,성408
전공,스코어리딩,화,5,6,13:00,15:00,성407
전공,학내연주 2,목,6,7,14:00,16:00,수420
전공,학내연주 2,목,2,3,10:00,12:00,수420
전공,시창.청음 2,월,4,5,12:00,14:00,성407
전공,시창.청음 2,수,4,5,12:00,14:00,성407
전공,관악합주 2,월,4,5,12:00,14:00,성404
전공,현악합주 2,수,6,7,14:00,16:00,성404
전공,피아노앙상블 1,금,2,4,10:00,13:00,성407
전공,합주 2,월,6,7,14:00,16:00,성404
전공,합주 2,목,6,7,14:00,16:00,성404
전공,건반화성 2,수,5,6,13:00,15:00,음103
전공,응용화성,화,6,7,14:00,16:00,음301
전공,스코어리딩,목,4,5,12:00,14:00,성407
전공,피아노를 위한 대위법 2,금,7,8,15:00,17:00,조2-207
전공,학내연주 4,목,6,7,14:00,16:00,수420
전공,학내연주 4,목,2,3,10:00,12:00,수420
전공,관현악을 위한 대위법 2,금,4,5,12:00,14:00,조2-207
전공,관악합주 4,월,4,5,12:00,14:00,성404
전공,현악합주 4,수,6,7,14:00,16:00,성404
전공,합주 4,월,6,7,14:00,16:00,성404
전공,합주 4,목,6,7,14:00,16:00,성404
전공,시창.청음 4,월,6,7,14:00,16:00,음301
전공,시창.청음 4,월,8,9,16:00,18:00,음301
전공,실내악 2,화,4,6,12:00,15:00,음208a
전공,실내악 2,화,4,6,12:00,15:00,수430
전공,화성 및 이론 4(오케스트레이션),수,2,3,10:00,12:00,조2-207
전공,지휘법 2,수,6,7,14:00,16:00,수430
전공,반주법 2,목,2,3,10:00,12:00,성407
전공,전자음악 2,화,2,3,10:00,12:00,조2-311
전공,학내연주 6,목,6,7,14:00,16:00,수420
전공,학내연주 6,목,2,3,10:00,12:00,수420
전공,관악합주 6,수,8,9,16:00,18:00,성404
전공,현악합주 6,수,4,5,12:00,14:00,성404
전공,피아노문헌 2,수,1,3,09:00,12:00,음301
전공,합주 6,월,8,9,16:00,18:00,성404
전공,합주 6,금,8,9,16:00,18:00,성404
전공,실내악 4,목,4,6,12:00,15:00,음404
전공,실내악 4,화,7,9,15:00,18:00,수430
전공,음악분석 2,수,4,5,12:00,14:00,조2-207
전공,음악교수학습법,수,8,9,16:00,18:00,난806
전공,클래스인스트루먼트 2,화,4,6,12:00,15:00,음305
전공,클래스인스트루먼트 2,화,4,6,12:00,15:00,성404
전공,악기수리법2,화,1,3,09:00,12:00,성308
전공,악기수리법2,화,2,4,10:00,13:00,조2-102
전공,피아노 및 관현악 교수법 2,수,6,7,14:00,16:00,성407
전공,피아노 및 관현악 교수법 2,수,6,7,14:00,16:00,수415
전공,합주 8,월,8,9,16:00,18:00,성404
전공,합주 8,금,8,9,16:00,18:00,성404
전공,관악합주 8,수,8,9,16:00,18:00,성404
전공,현악합주 8,수,4,5,12:00,14:00,성404
전공,피아노워크숍 2,화,2,3,10:00,12:00,수420
전공,창작실내악 2,금,4,6,12:00,15:00,수430
전공,근현대화성 2,수,7,8,15:00,17:00,조2-207
전공,서양음악사및문헌 2,화,7,9,15:00,18:00,성704
전공,다성음악 2,화,2,3,10:00,12:00,성406
전공,창작연주 2,금,7,8,15:00,17:00,수420
전공,악기론 2,목,7,8,15:00,17:00,음209
전공,컴퓨터ㆍ전자음악 2,수,4,5,12:00,14:00,조2-311
전공,음악분석 2,화,5,6,13:00,15:00,음209
전공,초급화성 및 이론 2,화,3,4,11:00,13:00,조2-207
전공,초급화성 및 이론 2,화,5,6,13:00,15:00,조2-207
전공,클래스 피아노 2,금,4,6,12:00,15:00,음501
전공,창작연주 4,금,7,8,15:00,17:00,수420
전공,악기론 4,목,5,6,13:00,15:00,음209
전공,컴퓨터ㆍ전자음악 4,수,2,3,10:00,12:00,조2-311
전공,화성 및 실습 2,화,5,7,13:00,16:00,성406
전공,대중문화와 음악,화,4,5,12:00,14:00,성310
전공,고급재즈화성학 2,목,2,3,10:00,12:00,음103
전공,가창곡작곡법 및 실습 2,월,7,8,15:00,17:00,성406
전공,서양음악사및문헌 4,화,1,3,09:00,12:00,성211
전공,음악극 작품분석,월,5,6,13:00,15:00,성406
전공,음악분석 4,화,5,6,13:00,15:00,조2-102
전공,창작연주 6,금,7,8,15:00,17:00,수420
전공,20세기음악 2,목,6,7,14:00,16:00,음204
전공,음악평론,수,4,6,12:00,15:00,성406
전공,몰입형 미디어아트를 위한 사운드 디자인2,화,8,9,16:00,18:00,성406
전공,뮤지컬 워크숍 2,화,5,7,13:00,16:00,수415
전공,음악문화연구,목,2,4,10:00,13:00,성406
전공,음악경영 2,화,2,3,10:00,12:00,음204
전공,미디어영상연기의 이해,수,7,9,15:00,18:00,운캠C 205
전공,융합무용기초,목,1,3,09:00,12:00,nan
전공,음악의 이해,목,1,3,09:00,12:00,운캠C 205
전공,예술경영학,화,1,3,09:00,12:00,운캠B-106
전공,글로벌 마케팅 커뮤니케이션,화,4,6,12:00,15:00,운캠B 329
전공,대중문화 읽기,화,4,6,12:00,15:00,운캠B 424
전공,대중문화 읽기,수,4,6,12:00,15:00,운캠B 329
전공,라이브커머스 방송 기획,화,1,3,09:00,12:00,운캠B 329
전공,기초의복구성,목,1,3,09:00,12:00,운캠B 537
전공,기초 헤어스타일링,화,4,6,12:00,15:00,운캠C 615
전공,화장품학개론,수,7,9,15:00,18:00,운캠C 306
전공,국어정보학특강,수,7,9,15:00,18:00,수B-1026
전공,현대문학사연구,월,7,9,15:00,18:00,성822
전공,국문학특강,목,4,6,12:00,15:00,성822
전공,한국어통사론,수,4,6,12:00,15:00,성815
전공,한국어교육학연구,월,1,3,09:00,12:00,성822
전공,한국의 현대문화,목,7,9,15:00,18:00,수B-1026
전공,응용언어학,목,4,6,12:00,15:00,성820
전공,실용영문법,목,7,9,15:00,18:00,성820
전공,한국한시론특강,월,4,6,12:00,15:00,성814
전공,시화특강,수,4,6,12:00,15:00,성814
전공,한국중세사회의변화와발전,수,1,3,09:00,12:00,성801
전공,일본미술사연습,금,2,4,10:00,13:00,성815
전공,한국미술사연습,화,5,7,13:00,16:00,성801
전공,미술사방법론2,화,9,11,17:00,20:00,성818
전공,20세기 한국작가연구,목,9,11,17:00,20:00,성816
전공,동아시아미술과문화연구,월,7,9,15:00,18:00,성815
전공,민사판례세미나1,수,10,12,18:00,,성814
전공,근로기준법판례연구,목,7,9,15:00,18:00,성821
전공,정치학연구방법론특강,화,4,6,12:00,15:00,성820
전공,인지심리학,금,7,9,15:00,18:00,성213
전공,심리학 논문작성,목,7,9,15:00,18:00,성819
전공,심리평가,수,1,3,09:00,12:00,성813
전공,행동치료,월,4,6,12:00,15:00,성813
전공,청소년상담세미나,화,4,6,12:00,15:00,성819
전공,임상현장실습,금,1,3,09:00,12:00,성820
전공,임상현장실습,화,10,12,18:00,,성802
전공,임상현장실습,수,4,6,12:00,15:00,성801
전공,사회심리학의주요문제,금,4,6,12:00,15:00,성819
전공,다변량분석,수,7,9,15:00,18:00,성815
전공,투사검사법,화,7,9,15:00,18:00,성819
전공,인지발달세미나,목,4,6,12:00,15:00,성819
전공,한국지형세미나,월,4,6,12:00,15:00,성802
전공,지리정보시스템세미나,월,7,9,15:00,18:00,성802
전공,인사관리사례연구,금,10,12,18:00,,성813
전공,마케팅 커뮤니케이션,월,4,6,12:00,15:00,성302
전공,글로벌 비즈니스의 이해,수,7,9,15:00,18:00,성302
전공,경영학원론,화,7,9,15:00,18:00,난505
전공,회계학세미나,목,7,9,15:00,18:00,성813
전공,마케팅관리론,수,4,6,12:00,15:00,성819
전공,유통관리연구,수,10,12,18:00,,성820
전공,응용통계,수,10,12,18:00,,수223-1
전공,연구방법론,목,7,9,15:00,18:00,nan
전공,인적자원개발의이론과실제,월,10,12,18:00,,성802
전공,교육공학주제별세미나,수,10,12,18:00,,수C-844
전공,교육평가의최근동향,화,10,12,18:00,,성814
전공,학습·진로 코칭의 최신 연구동향 세미나,목,10,12,18:00,,nan
전공,자기주도학습,수,10,12,18:00,,nan
전공,미래사회와 유아교육,목,10,12,18:00,,성815
전공,아동생활지도,화,7,9,15:00,18:00,nan
전공,유아사회교육세미나,목,4,6,12:00,15:00,성815
전공,유아문학세미나,화,4,6,12:00,15:00,성821
전공,유아교육고전연구,화,10,12,18:00,,성821
전공,유아교육과정연구,화,7,9,15:00,18:00,성821
전공,영유아 뇌발달 이해 및 교육 세미나,목,7,9,15:00,18:00,성815
전공,에너지 소비시장과 소비자행동,토,10,12,18:00,,운캠B 230
전공,플랫폼소비자경제,토,1,3,09:00,12:00,운캠B 230
전공,연구보고서 및 논문 작성과 평가,토,7,9,15:00,18:00,운캠B 229
전공,연구논문작성 및 실습,수,4,6,12:00,15:00,운캠B 229
전공,지역생활문화,토,4,6,12:00,15:00,운캠B 231
전공,생활문화트랜드와문화상품개발,토,7,9,15:00,18:00,운캠B 231
전공,인성개발프로그램연구,수,10,12,18:00,,운캠B 230
전공,통계자료분석,토,4,6,12:00,15:00,운캠B 229
전공,소비자재무상담및교육,수,7,9,15:00,18:00,운캠B 229
전공,현대사회와 가족복지,수,7,9,15:00,18:00,운캠B 331
전공,사회복지정책특론,수,4,6,12:00,15:00,운캠B 331
전공,국제 커뮤니케이션 세미나,금,4,6,12:00,15:00,성821
전공,미디어 엔터테인먼트 경제학,금,10,12,18:00,,성821
전공,디지털 미디어 서비스,금,7,9,15:00,18:00,성821
전공,미디어 경영학,목,10,12,18:00,,성813
전공,커뮤니케이션 연구방법론,월,1,3,09:00,12:00,수213
전공,박사논문연구 2,월,7,9,15:00,18:00,nan
전공,양자화학,월,1,3,09:00,12:00,운캠B 332
전공,전공세미나2,목,7,9,15:00,18:00,운캠P 502
전공,고급유기분광학,화,1,3,09:00,12:00,운캠B 332
전공,박사논문연구2,수,1,3,09:00,12:00,운캠B 332
전공,재생의학특론,월,10,12,18:00,,운캠B 332
전공,미생물학특론,월,7,9,15:00,18:00,운캠B 332
전공,발생공학2,화,10,12,18:00,,운캠B 529
전공,세포학특강,수,10,12,18:00,,운캠B 332
전공,대학원논문연구4,목,10,12,18:00,,운캠B 531
전공,최신통계방법론,월,4,6,12:00,15:00,성820
전공,통계데이터분석,월,1,3,09:00,12:00,수A-603
전공,수리통계학,목,4,6,12:00,15:00,성814
전공,응용통계학,수,4,6,12:00,15:00,성822
전공,공간통계학,목,1,3,09:00,12:00,성814
전공,브랜드마케팅,목,7,9,15:00,18:00,운캠B 647
전공,의류학세미나,목,4,6,12:00,15:00,운캠B 645
전공,한국복식구성학특론,금,7,9,15:00,18:00,운캠B 427
전공,복식조형론,화,4,6,12:00,15:00,운캠B 332
전공,드레이핑패턴비교연구,금,4,6,12:00,15:00,운캠B 534
전공,패션디자이너연구및세미나,목,1,3,09:00,12:00,운캠B 645
전공,인체와의복구성설계2,금,1,3,09:00,12:00,운캠B 645
전공,응용통계,목,10,12,18:00,,운캠B-108
전공,고급식품기기분석론,수,1,3,09:00,12:00,운캠B 333
전공,상급건강사정,금,8,10,16:00,19:00,운캠B 332
전공,에니어그램과 격정관리,금,5,7,13:00,16:00,운캠B 332
전공,상급양적연구방법론,금,8,10,16:00,19:00,운캠B 333
전공,상급 지역사회간호 세미나,목,8,10,16:00,19:00,운캠B 332
전공,도구개발,금,5,7,13:00,16:00,nan
전공,노인장기요양관리실습 Ⅰ,토,1,3,09:00,12:00,nan
전공,노인전문간호총론과 건강증진,금,2,3,10:00,12:00,운캠B 332
전공,간호연구방법론,금,5,6,13:00,15:00,운캠B-109
전공,재료과학특론,화,4,6,12:00,15:00,운캠B 333
전공,식품의 휘발성물질 분석,월,10,12,18:00,,운캠B 333
전공,차세대 나노소재공학,월,4,6,12:00,15:00,운캠B 333
전공,고급 에너지소재공학,화,7,9,15:00,18:00,운캠C 206
전공,촉매공학특론,수,7,9,15:00,18:00,운캠B 332
전공,종양생물학,금,4,6,12:00,15:00,운캠B 333
전공,미래응용과학세미나 II,목,7,9,15:00,18:00,운캠C 206
전공,융합과학특론2,화,7,9,15:00,18:00,운캠P 503
전공,고급논문연구1,월,1,3,09:00,12:00,운캠B 333
전공,고급운영체제,수,4,6,12:00,15:00,성821
전공,분산처리론,월,1,3,09:00,12:00,수209
전공,융합 AI 기술,목,7,9,15:00,18:00,성818
전공,언어지능특론,화,4,6,12:00,15:00,프409
전공,AI 서비스캡스톤디자인,수,7,9,15:00,18:00,성819
전공,박사논문연구 3,금,4,6,12:00,15:00,성814
전공,박사논문연구 2,금,4,6,12:00,15:00,성801
전공,고급암호학,화,7,9,15:00,18:00,nan
전공,블록체인 이론과 응용,토,4,6,12:00,15:00,성813
전공,침입탐지방법론,토,1,3,09:00,12:00,성813
전공,박사논문연구 5,금,7,9,15:00,18:00,성814
전공,박사논문연구 6,토,7,9,15:00,18:00,성814
전공,기업정보보안관리체계,월,7,9,15:00,18:00,nan
전공,연구자료분석세미나1,목,1,3,09:00,12:00,조1-409
전공,연구자료분석세미나2,월,7,9,15:00,18:00,성820
전공,현대조형예술학강론1,화,1,3,09:00,12:00,성801
전공,작품비교분석비평연구2,화,8,10,16:00,19:00,성801
전공,현대미술실습1,월,4,6,12:00,15:00,nan
전공,현대미술실습3,월,1,3,09:00,12:00,nan
전공,예술적 연구: 예술 방법론2,목,1,3,09:00,12:00,nan
전공,작품연구세미나2,월,4,6,12:00,15:00,nan
전공,작품분석연구2,수,10,12,18:00,,nan
전공,작품분석연구2,금,10,12,18:00,,nan
전공,논문실습 4,금,7,9,15:00,18:00,성801
전공,작품연구세미나1,화,7,9,15:00,18:00,성802
전공,작품연구세미나2,월,7,9,15:00,18:00,성816
전공,작품연구세미나2,화,7,9,15:00,18:00,성820
전공,작품연구세미나3,목,4,5,12:00,14:00,"난302,성802"
전공,작품연구세미나3,목,4,6,12:00,15:00,"난302,성802"
전공,작품연구세미나3,목,7,8,15:00,17:00,"난302,성802"
전공,작품연구세미나3,목,7,9,15:00,18:00,"난302,성802"
전공,작품연구세미나4,수,7,9,15:00,18:00,성802
전공,작품연구세미나4,수,1,2,09:00,11:00,"성801,성816"
전공,작품연구세미나4,수,1,3,09:00,12:00,"성801,성816"
전공,작품연구세미나4,목,4,5,12:00,14:00,"성801,성816"
전공,작품연구세미나4,목,4,6,12:00,15:00,"성801,성816"
전공,연구논문설정세미나1,목,7,9,15:00,18:00,성802
전공,연구논문설정세미나2,금,7,9,15:00,18:00,성816
전공,연구논문설정세미나2,목,7,9,15:00,18:00,난801
전공,연구논문설정세미나4,수,4,6,12:00,15:00,성816
전공,연구논문설정세미나4,월,4,6,12:00,15:00,성816
전공,연구논문설정세미나4,목,1,3,09:00,12:00,성801
전공,작품연구세미나2,금,4,6,12:00,15:00,조1-310
전공,작품분석연구8,금,7,9,15:00,18:00,조1-310
전공,고급디자인스튜디오3,수,1,3,09:00,12:00,조2-505
전공,전공세미나3,금,1,3,09:00,12:00,조2-408
전공,시각디자인론,금,7,9,15:00,18:00,조2-412
전공,전공실기1,월,4,6,12:00,15:00,조1-416
전공,전공실기2,금,7,9,15:00,18:00,조1-416
전공,전공실기3,금,4,6,12:00,15:00,조1-416
전공,현대한국화론,월,1,3,09:00,12:00,성818
전공,회화연구4,수,10,12,18:00,,조1-708
전공,미술표현2,수,4,6,12:00,15:00,조1-708
전공,조형연구2,월,3,5,11:00,14:00,조1-708
전공,현대미술실험2,화,4,6,12:00,15:00,조1-708
전공,미술이론3(동시대 미술의 동향),월,4,6,12:00,15:00,nan
전공,논문세미나2,수,7,9,15:00,18:00,성821
전공,현대미술이론2,목,4,6,12:00,15:00,성818
전공,현대미술비평연구,목,4,6,12:00,15:00,성813
전공,전공실기2,수,4,5,12:00,14:00,"성802,성816"
전공,전공실기2,수,4,6,12:00,15:00,"성802,성816"
전공,전공실기2,수,7,8,15:00,17:00,"성802,성816"
전공,전공실기2,수,7,9,15:00,18:00,"성802,성816"
전공,전공실기2,월,4,5,12:00,14:00,성819
전공,전공실기2,월,4,6,12:00,15:00,성819
전공,전공실기2,월,7,8,15:00,17:00,성819
전공,전공실기2,월,7,9,15:00,18:00,성819
전공,전공실기2,수,7,8,15:00,17:00,"성814,성820"
전공,전공실기2,수,7,9,15:00,18:00,"성814,성820"
전공,전공실기2,목,7,8,15:00,17:00,"성814,성820"
전공,전공실기2,목,7,9,15:00,18:00,"성814,성820"
전공,전공실기4,월,4,5,12:00,14:00,"성816,성822"
전공,전공실기4,월,4,6,12:00,15:00,"성816,성822"
전공,전공실기4,화,7,8,15:00,17:00,"성816,성822"
전공,전공실기4,화,7,9,15:00,18:00,"성816,성822"
전공,전공실기4,수,7,8,15:00,17:00,"난204,성814"
전공,전공실기4,수,7,9,15:00,18:00,"난204,성814"
전공,전공실기4,목,7,8,15:00,17:00,"난204,성814"
전공,전공실기4,목,7,9,15:00,18:00,"난204,성814"
전공,전공실기4,수,4,5,12:00,14:00,"성802,성820"
전공,전공실기4,수,4,6,12:00,15:00,"성802,성820"
전공,전공실기4,금,4,5,12:00,14:00,"성802,성820"
전공,전공실기4,금,4,6,12:00,15:00,"성802,성820"
전공,현대조형론,목,1,3,09:00,12:00,성802
전공,논문세미나,월,1,3,09:00,12:00,성819
전공,도자장식기초2,월,4,6,12:00,15:00,조1-B103
전공,도자리빙디자인기초2,화,7,9,15:00,18:00,조1-B103
전공,섬유전공실기 2,수,4,6,12:00,15:00,조2-601
전공,도자전공실기 4,금,5,7,13:00,16:00,난202
전공,도자전공실기 2,목,2,4,10:00,13:00,조1-B101
전공,금속전공실기 4,수,7,9,15:00,18:00,조2-203
전공,금속전공실기 2,목,6,8,14:00,17:00,조2-203
전공,공예사,월,7,9,15:00,18:00,성818
전공,디자인사,금,2,4,10:00,13:00,성818
전공,PrintMedia사,화,10,12,18:00,,조1-310
전공,MultipleArt1,월,5,7,13:00,16:00,조1-310
전공,전시기획이론과실천,월,10,12,18:00,,조1-310
전공,성악연주법세미나1,목,6,7,14:00,16:00,조2-102
전공,연주3,수,8,9,16:00,18:00,수420
전공,코칭4,화,3,4,11:00,13:00,음301
전공,연주4,수,8,9,16:00,18:00,수420
전공,연주1,수,8,9,16:00,18:00,수420
전공,연주2,수,8,9,16:00,18:00,수420
전공,오페라연구1,수,5,6,13:00,15:00,성408
전공,전공실기1,토,1,3,09:00,12:00,음401-6
전공,전공실기1,토,1,3,09:00,12:00,음502
전공,전공실기2,토,1,3,09:00,12:00,음308
전공,전공실기2,토,1,3,09:00,12:00,음308
전공,전공실기2,토,1,3,09:00,12:00,음501
전공,전공실기2,토,1,3,09:00,12:00,음401-2
전공,전공실기2,토,1,3,09:00,12:00,음501
전공,전공실기3,토,1,3,09:00,12:00,음311
전공,전공실기3,토,1,3,09:00,12:00,음502
전공,전공실기3,토,1,3,09:00,12:00,음502
전공,전공실기4및졸업연주,토,1,3,09:00,12:00,음308
전공,전공실기4및졸업연주,토,1,3,09:00,12:00,음307
전공,전공실기4및졸업연주,토,1,3,09:00,12:00,음311
전공,전공실기4및졸업연주,토,1,3,09:00,12:00,음310
전공,전공실기4및졸업연주,토,1,3,09:00,12:00,음501
전공,박사전공실기1,토,1,3,09:00,12:00,음310
전공,박사전공실기1,토,1,3,09:00,12:00,음401-6
전공,박사전공실기1,토,1,3,09:00,12:00,음501
전공,박사전공실기2,토,1,3,09:00,12:00,음311
전공,박사전공실기2,토,1,3,09:00,12:00,조2-102
전공,박사전공실기2,토,1,3,09:00,12:00,음501
전공,박사전공실기2,토,1,3,09:00,12:00,음401-6
전공,박사전공실기2,토,1,3,09:00,12:00,음501
전공,박사전공실기3,토,1,3,09:00,12:00,음307
전공,박사전공실기4및졸업연주,토,1,3,09:00,12:00,음308
전공,피아노협주곡문헌,수,1,3,09:00,12:00,성407
전공,연주1,수,5,6,13:00,15:00,수420
전공,연주1,목,4,5,12:00,14:00,수420
전공,연주2,수,5,6,13:00,15:00,수420
전공,연주2,목,4,5,12:00,14:00,수420
전공,연주3,수,5,6,13:00,15:00,수420
전공,연주4,목,4,5,12:00,14:00,수420
전공,음악연구방법론,월,7,9,15:00,18:00,성814
전공,음악경영,월,4,6,12:00,15:00,성818
전공,음악분석,화,10,12,18:00,,성407
전공,고전음악사및문헌,화,5,7,13:00,16:00,성818
전공,지휘법,월,8,10,16:00,19:00,수415
전공,전공실기1,토,1,3,09:00,12:00,nan
전공,전공실기1,토,1,3,09:00,12:00,nan
전공,전공실기1,토,1,3,09:00,12:00,nan
전공,전공실기1,토,1,3,09:00,12:00,nan
전공,전공실기1,토,1,3,09:00,12:00,nan
전공,전공실기2,토,1,3,09:00,12:00,nan
전공,전공실기2,토,1,3,09:00,12:00,nan
전공,전공실기2,토,1,3,09:00,12:00,nan
전공,전공실기2,토,1,3,09:00,12:00,nan
전공,전공실기2,토,1,3,09:00,12:00,nan
전공,전공실기2,토,1,3,09:00,12:00,nan
전공,전공실기2,토,1,3,09:00,12:00,nan
전공,전공실기2,토,1,3,09:00,12:00,nan
전공,전공실기3,토,1,3,09:00,12:00,nan
전공,전공실기3,토,1,3,09:00,12:00,nan
전공,전공실기3,토,1,3,09:00,12:00,nan
전공,전공실기3,토,1,3,09:00,12:00,nan
전공,전공실기3,토,1,3,09:00,12:00,nan
전공,전공실기4및졸업연주,토,1,3,09:00,12:00,nan
전공,전공실기4및졸업연주,토,1,3,09:00,12:00,nan
전공,관현악실내악문헌,수,4,6,12:00,15:00,성818
전공,피아노페다고지,수,8,10,16:00,19:00,성407
전공,오케스트라레파토리-현악2,목,1,3,09:00,12:00,성404
전공,20세기관현악음악연주및연구,목,6,8,14:00,17:00,성816
전공,전공실기1,토,1,3,09:00,12:00,nan
전공,전공실기2,토,1,3,09:00,12:00,nan
전공,전공실기2,토,1,3,09:00,12:00,nan
전공,전공실기4,토,1,3,09:00,12:00,nan
전공,전공실기2,토,1,3,09:00,12:00,nan
전공,연주1,화,8,9,16:00,18:00,수420
전공,연주3,화,8,9,16:00,18:00,수420
전공,연주4,화,8,9,16:00,18:00,수420
전공,연주2,화,8,9,16:00,18:00,수420
전공,전공실기1,토,1,3,09:00,12:00,nan
전공,전공실기1,토,1,3,09:00,12:00,nan
전공,전공실기2,토,1,3,09:00,12:00,nan
전공,전공실기2,토,1,3,09:00,12:00,nan
전공,전공실기2,토,1,3,09:00,12:00,nan
전공,전공실기2,토,1,3,09:00,12:00,nan
전공,전공실기2,토,1,3,09:00,12:00,nan
전공,전공실기2,토,1,3,09:00,12:00,nan
전공,전공실기2,토,1,3,09:00,12:00,nan
전공,전공실기3,토,1,3,09:00,12:00,nan
전공,전공실기3,토,1,3,09:00,12:00,nan
전공,전공실기3,토,1,3,09:00,12:00,nan
전공,전공실기4,토,1,3,09:00,12:00,nan
전공,전공실기4,토,1,3,09:00,12:00,nan
전공,전공실기4,토,1,3,09:00,12:00,nan
전공,전공실기4,토,1,3,09:00,12:00,nan
전공,전공실기4,토,1,3,09:00,12:00,nan
전공,전공실기4,토,1,3,09:00,12:00,nan
전공,전공실기4,토,1,3,09:00,12:00,nan
전공,앙상블세미나,목,8,10,16:00,19:00,성708
전공,오페라코칭실습,목,5,7,13:00,16:00,성708
전공,전공이론1,토,1,3,09:00,12:00,nan
전공,전공이론2,토,1,3,09:00,12:00,nan
전공,전공이론2,토,1,3,09:00,12:00,nan
전공,전공이론4,토,1,3,09:00,12:00,nan
전공,전공이론1,토,1,3,09:00,12:00,nan
전공,전공이론3,토,1,3,09:00,12:00,nan
전공,전공이론3,토,1,3,09:00,12:00,nan
전공,작곡가연구,목,7,9,15:00,18:00,성822
전공,분석방법론,금,5,7,13:00,16:00,성815
전공,기악소나타문헌,월,2,4,10:00,13:00,성708
전공,프랑스가곡문헌,금,2,4,10:00,13:00,성708
전공,레파토와클래스,월,6,8,14:00,17:00,성708
전공,오페라문헌,수,5,7,13:00,16:00,성708
전공,연주1,수,2,3,10:00,12:00,수420
전공,연주2,수,2,3,10:00,12:00,수420
전공,연주3,수,2,3,10:00,12:00,수420
전공,연주4,수,2,3,10:00,12:00,수420
전공,앙상블세미나,금,5,6,13:00,15:00,성708
전공,앙상블세미나,금,5,7,13:00,16:00,성708
전공,앙상블세미나,금,6,7,14:00,16:00,성708
전공,반주학개론,화,5,7,13:00,16:00,성708
전공,전공실기1,토,1,3,09:00,12:00,nan
전공,전공실기1,토,1,3,09:00,12:00,nan
전공,전공실기1,토,1,3,09:00,12:00,nan
전공,전공실기1,토,1,3,09:00,12:00,nan
전공,전공실기2,토,1,3,09:00,12:00,nan
전공,전공실기2,토,1,3,09:00,12:00,nan
전공,전공실기2,토,1,3,09:00,12:00,nan
전공,전공실기2,토,1,3,09:00,12:00,nan
전공,전공실기2,토,1,3,09:00,12:00,nan
전공,전공실기3,토,1,3,09:00,12:00,nan
전공,전공실기3,토,1,3,09:00,12:00,nan
전공,전공실기3,토,1,3,09:00,12:00,nan
전공,전공실기3,토,1,3,09:00,12:00,nan
전공,전공실기3,토,1,3,09:00,12:00,nan
전공,전공실기3,토,1,3,09:00,12:00,nan
전공,전공실기3,토,1,3,09:00,12:00,nan
전공,전공실기3,토,1,3,09:00,12:00,nan
전공,전공실기3,토,1,3,09:00,12:00,nan
전공,전공실기3,토,1,3,09:00,12:00,nan
전공,전공실기3,토,1,3,09:00,12:00,nan
전공,전공실기3,토,1,3,09:00,12:00,nan
전공,전공실기3,토,1,3,09:00,12:00,nan
전공,전공실기3,토,1,3,09:00,12:00,nan
전공,전공실기4및졸업연주,토,1,3,09:00,12:00,nan
전공,전공실기4및졸업연주,토,1,3,09:00,12:00,nan
전공,전공실기4및졸업연주,토,1,3,09:00,12:00,nan
전공,전공실기4및졸업연주,토,1,3,09:00,12:00,nan
전공,전공실기4및졸업연주,토,1,3,09:00,12:00,nan
전공,무용문헌2,월,4,6,12:00,15:00,수415
전공,마음챙김기반 심신치유재활,토,2,4,10:00,13:00,프701
전공,임상퍼스널트레이닝,토,5,7,13:00,16:00,성819
전공,근골격계 질환별 운동재활,금,10,12,18:00,,성822
전공,운동생리학특론Ⅱ,수,7,9,15:00,18:00,성818
전공,신체활동과노화,화,4,6,12:00,15:00,수337
전공,화장품제형학특론,토,7,9,15:00,18:00,운캠P 502
전공,화장품 광고와 마케팅,토,4,6,12:00,15:00,운캠B 334
전공,향장미용연구방법론,토,7,9,15:00,18:00,운캠P 503
전공,퍼스널리티 이미지 특론,토,1,3,09:00,12:00,운캠P 604
전공,미용 위생 및 보건 세미나,토,4,6,12:00,15:00,운캠P 502
전공,뷰티& 헬스산업 연구,토,1,3,09:00,12:00,운캠P 503
전공,"뷰티 에디터, 저널리스트 연구",토,1,3,09:00,12:00,운캠B 334
전공,분장학 세미나,금,7,9,15:00,18:00,운캠C 615
전공,화장품학개론,금,7,9,15:00,18:00,nan
전공,아로마와심리특론,금,1,3,09:00,12:00,운캠P 606
전공,화장품소재특론,토,4,6,12:00,15:00,운캠P 503
전공,뷰티통계학 연구,금,4,6,12:00,15:00,운캠B 334
전공,헤어트렌드세미나,금,1,3,09:00,12:00,운캠C 615
전공,디지털산업과 뷰티,금,4,6,12:00,15:00,운캠P 607
전공,VR기반 뷰티디자인 연구,금,7,9,15:00,18:00,운캠B 334
전공,뷰티색채학,화,4,6,12:00,15:00,nan
전공,향과 아로마테라피,목,1,3,09:00,12:00,nan
전공,화장품 소비자 안전 및 보호 연구,토,7,9,15:00,18:00,운캠B 334
전공,즉흥음악치료1,수,4,6,12:00,15:00,성709
전공,음악치료 임상기법,목,4,6,12:00,15:00,성709
전공,음악과 심상,화,4,6,12:00,15:00,성822
전공,음악사회학,화,7,9,15:00,18:00,성822
전공,음악분석론,수,4,5,12:00,14:00,nan
전공,음악치료기술,화,4,6,12:00,15:00,성709
전공,음악과인간행동,수,1,3,09:00,12:00,성819
전공,실습1,토,1,2,09:00,11:00,nan
전공,실습1,토,2,3,10:00,12:00,nan
전공,실습2,토,1,2,09:00,11:00,nan
전공,실습2,토,2,3,10:00,12:00,nan
전공,음악치료인턴쉽,화,8,10,16:00,19:00,성709
전공,음악심리학,목,7,9,15:00,18:00,성709
전공,장애아동의 이해,목,1,3,09:00,12:00,성818
전공,대학원 논문 세미나1,수,7,9,15:00,18:00,성813
전공,한국 사회와 문화,수,4,6,12:00,15:00,성813
전공,Writing for the Modern World,목,7,9,15:00,18:00,nan
전공,Understanding Human Rights,목,7,9,15:00,18:00,nan
전공,English Listening on Current Affairs,화,10,12,18:00,,nan
전공,국제학생을 위한 한국어 III,월,1,3,09:00,12:00,nan
전공,국제 학생을 위한 한국어 회화 I,금,1,3,09:00,12:00,nan
전공,국어논리및논술,화,10,12,18:00,,수B-835
전공,유아교육연구법,목,12,13,20:00,,수223-1
전공,유아놀이연구,목,10,11,18:00,20:00,성821
전공,유아과학교육세미나,금,12,13,20:00,,성819
전공,(유치원)교과교재연구 및 지도법,금,10,12,18:00,,성818
전공,유아다문화교육세미나,금,10,11,18:00,20:00,성819
전공,유아문학세미나,수,10,12,18:00,,성822
전공,가족지원 및 부모교육세미나,목,10,12,18:00,,성820
전공,유아교육프로그램연구,수,10,12,18:00,,성816
전공,유아언어교육세미나,화,10,12,18:00,,성822
전공,유아교육과정연구,화,10,12,18:00,,성820
전공,미학교육론,화,12,13,20:00,,성612
전공,(미술)교과교육론,수,10,12,18:00,,성612
전공,소묘,목,10,11,18:00,20:00,조2-312
전공,미술관 교육연구,화,10,11,18:00,20:00,성612
전공,국악실기지도법,화,12,13,20:00,,조2-313
전공,디지털 창작 피아노 반주,목,10,11,18:00,20:00,조2-313
전공,국악사,화,10,11,18:00,20:00,조2-313
전공,화성학과 음악창작 지도법,금,10,11,18:00,20:00,조2-313
전공,(음악)교과교재연구 및 지도법,수,10,12,18:00,,성813
전공,음악교육프로그램개발,목,10,11,18:00,20:00,성801
전공,시창청음과 다언어 딕션,화,12,13,20:00,,조2-102
전공,AI 음악 및 교수법,목,12,13,20:00,,성801
전공,현대사회와 인간관계론,금,10,11,18:00,20:00,성815
전공,인지행동상담,목,12,13,20:00,,성819
전공,심리검사,금,12,13,20:00,,성815
전공,특수아 상담,목,10,11,18:00,20:00,성819
전공,단체급식 특론,화,10,11,18:00,20:00,운캠B 530
전공,식생활관리특론,화,12,13,20:00,,운캠B 530
전공,4차산업과 뷰티마케팅,화,8,10,16:00,19:00,운캠B 332
전공,퍼스널리티이미지연구,목,8,10,16:00,19:00,운캠B 333
전공,화장품학,토,1,3,09:00,12:00,nan
전공,피부생리학,토,4,6,12:00,15:00,nan
전공,화장품소재특론,화,11,13,19:00,,운캠B 332
전공,기능성화장품특론,목,11,13,19:00,,운캠B 334
전공,화장품마케팅,목,8,10,16:00,19:00,운캠B 334
전공,영양과피부미용,화,8,10,16:00,19:00,운캠B 333
전공,연구디자인및논문작성,화,11,13,19:00,,운캠B 333
전공,비만관리학,수,8,10,16:00,19:00,운캠B 333
전공,피부미용 질적 연구분석,수,11,13,19:00,,운캠B 333
전공,한국문화전시기획,토,6,7,14:00,16:00,운캠B 332
전공,한국박물관학,토,3,4,11:00,13:00,운캠B 333
전공,한국공예문화,토,6,7,14:00,16:00,운캠B 333
전공,한국의례문화,금,10,11,18:00,20:00,운캠B 334
전공,한국차문화,토,1,2,09:00,11:00,운캠B 333
전공,한국문화지도론,토,3,4,11:00,13:00,운캠B 332
전공,한국문화지도현장실습,토,8,9,16:00,18:00,운캠B 332
전공,예술철학,목,7,9,15:00,18:00,운캠P 503
전공,레파토리 비교 연구,월,10,12,18:00,,운캠B 334
전공,공연작품제작 4,화,9,11,17:00,20:00,nan
전공,공연작품제작 4,화,7,9,15:00,18:00,nan
전공,공연작품제작 4,화,8,10,16:00,19:00,운캠B 334
전공,영화·드라마 극작론,화,10,11,18:00,20:00,성819
전공,명성과 셀럽 마케팅,월,11,13,19:00,,성821
전공,K무비 산업과 비즈니스,월,8,10,16:00,19:00,성821
전공,심혈관계질환과 운동,토,2,4,10:00,13:00,성822
전공,에너지 대사와 운동,토,5,7,13:00,16:00,성822
전공,신체활동 측정평가,토,8,10,16:00,19:00,성822
전공,임상영양실습1,월,4,6,12:00,15:00,nan
전공,임상영양실습2,월,7,9,15:00,18:00,nan
전공,임상영양실습3,화,4,6,12:00,15:00,nan
전공,임상영양실습4,화,7,9,15:00,18:00,nan
전공,임상영양치료2,목,10,12,18:00,,운캠B 541
전공,고급영양상담 및 교육,화,10,12,18:00,,운캠B 531
전공,상담연구방법론,토,7,9,15:00,18:00,운캠B 330
전공,집단상담이론과 실제,토,1,3,09:00,12:00,운캠B 330
전공,상담이론,토,4,6,12:00,15:00,운캠B 331
전공,가족상담 실제 및 수퍼비전,토,4,6,12:00,15:00,운캠B 330
교양,미적분과 벡터해석 기초,수,4,6,12:00,15:00,nan
교양,미적분과 벡터해석 기초,월,4,6,12:00,15:00,난205
교양,미적분과 벡터해석 기초,수,7,9,15:00,18:00,난505
교양,미적분과 벡터해석 기초,목,7,9,15:00,18:00,난505
교양,미적분과 벡터해석 기초,화,1,3,09:00,12:00,성303
교양,이공계 수학,목,4,6,12:00,15:00,운캠C 208
교양,이공계 수학,목,7,9,15:00,18:00,운캠C 208
교양,일반화학 Ⅱ,수,1,3,09:00,12:00,운캠C 207
교양,일반화학 Ⅱ,월,4,6,12:00,15:00,운캠C 729
교양,일반화학 Ⅱ,수,1,3,09:00,12:00,운캠C 311
교양,일반물리학 Ⅱ,금,1,3,09:00,12:00,운캠C 728
교양,파이썬프로그래밍,월,7,9,15:00,18:00,수213
교양,파이썬프로그래밍,월,7,9,15:00,18:00,수A-506
교양,파이썬프로그래밍,수,1,3,09:00,12:00,운캠B 108
교양,파이썬프로그래밍,수,4,6,12:00,15:00,운캠B 108
교양,파이썬프로그래밍,화,1,3,09:00,12:00,수207
교양,일반생물학 Ⅱ,목,1,3,09:00,12:00,운캠C 311
교양,일반생물학 Ⅱ,목,1,3,09:00,12:00,운캠C 206
교양,A Journey through Drama and Film,수,1,3,09:00,12:00,운캠C 309
교양,Short Stories of the World,금,4,6,12:00,15:00,운캠B 423
교양,British Culture and History,목,4,6,12:00,15:00,난301
교양,Understanding Western Culture,금,1,3,09:00,12:00,난204
교양,World News Analysis and Discourse,금,4,6,12:00,15:00,수411
교양,Introduction to Social Psychology,수,1,3,09:00,12:00,성601
교양,"Global Communication through Food, Travel & Culture",금,4,6,12:00,15:00,수409
교양,A Journey through Harry Potter,금,4,6,12:00,15:00,수406
교양,North American Women in Art,목,7,9,15:00,18:00,운캠C 308
교양,공통 중국어,금,4,6,12:00,15:00,운캠C 307
교양,공통 중국어,수,10,12,18:00,,성306
교양,공통 중국어,수,1,3,09:00,12:00,수C-614
교양,공통 중국어,수,1,3,09:00,12:00,수C-617
교양,공통 일본어,수,1,3,09:00,12:00,수205
교양,공통 일본어,금,1,3,09:00,12:00,성301
교양,공통 일본어,수,1,3,09:00,12:00,운캠C 211
교양,공통 일본어,금,4,6,12:00,15:00,난301
교양,공통 프랑스어,수,1,3,09:00,12:00,수C-736
교양,공통 프랑스어,월,1,3,09:00,12:00,운캠B 424
교양,공통 스페인어,월,1,3,09:00,12:00,성307
교양,공통 러시아어,수,1,3,09:00,12:00,운캠C 305
교양,공통 개인정보보호와 보안윤리,금,1,3,09:00,12:00,성310
교양,공통 스마트 IT 기술의 현재와 미래,수,1,3,09:00,12:00,성701
교양,컴퓨팅적 사고,월,1,3,09:00,12:00,수207
교양,프로그래밍과 문제해결,금,1,3,09:00,12:00,운캠B-109
교양,English Listening on Current Affairs,화,10,12,18:00,,성612
교양,Vocabularies and Expressions for English Learners,수,1,3,09:00,12:00,운캠B 529
교양,Elements of the Mystery Story,목,4,6,12:00,15:00,성307
교양,실습으로 배우는 머신러닝,월,1,3,09:00,12:00,nan
교양,인문·사회계열 전공생을 위한 Python 입문,금,7,9,15:00,18:00,nan
교양,블록체인 경제와 디지털 자산혁명,금,1,3,09:00,12:00,nan
교양,디지털 인문학의 이해,금,4,6,12:00,15:00,성302
교양,AI시대 데이터 윤리,금,1,3,09:00,12:00,성311
교양,메타버스와 디지털 패션의 이해,수,1,3,09:00,12:00,수214
교양,AI·디지털리터러시 교육의 이해,월,1,3,09:00,12:00,난702
교양,영상매체와 사운드 디자인,금,4,6,12:00,15:00,조2-311
교양,동양미술로 만나는 민화와 팝아트 그리기,금,4,6,12:00,15:00,난302
교양,창의적 그림과 미술이야기,금,1,3,09:00,12:00,난302
교양,디자이너처럼 보고 이야기하는 방법,월,1,3,09:00,12:00,난302
교양,A Journey to the Museum,금,4,6,12:00,15:00,성612
교양,C-드라마 중국어,수,1,3,09:00,12:00,수C-843
교양,프랑스어로 떠나는 여행,금,1,3,09:00,12:00,운캠B 530
교양,공통 베트남어,금,4,6,12:00,15:00,수C-736
교양,스페인 문화의 이해,화,10,12,18:00,,성308
교양,K-컬처 중국어,수,1,3,09:00,12:00,운캠C 205
교양,Digital Literacy: English for the Web,목,4,6,12:00,15:00,난805
교양,AI와 서비스디자인,수,1,3,09:00,12:00,난702
교양,다시 만난 합창,금,4,6,12:00,15:00,성408
교양,다시 만난 합창,금,5,6,13:00,15:00,성408
교양,발성과 보이스파워,월,1,3,09:00,12:00,성408
교양,피아노로 연주하는 세상,월,1,3,09:00,12:00,성407
교양,독일어로 떠나는 문화여행,수,1,3,09:00,12:00,운캠C 304
교양,대중문화로 배우는 프랑스어,금,1,3,09:00,12:00,성707
교양,일본어로 떠나는 문화여행,수,1,3,09:00,12:00,수C-615
교양,영상으로 배우는 일본,수,1,3,09:00,12:00,수C-844
교양,베트남어로 떠나는 문화여행,금,4,6,12:00,15:00,운캠C 309
교양,뷰티테크와 AI 피부진단,금,1,3,09:00,12:00,nan
교양,실생활 독일어,월,1,3,09:00,12:00,성308
교양,실생활 프랑스어,월,1,3,09:00,12:00,성705
교양,실생활 일본어,월,1,3,09:00,12:00,수C-617
교양,실생활 중국어,월,1,3,09:00,12:00,운캠B 529
교양,실생활 스페인어,월,1,3,09:00,12:00,운캠C 211
교양,실생활 러시아어,수,1,3,09:00,12:00,수409
교양,도자공예,수,1,3,09:00,12:00,난105
교양,American Culture and History,목,7,9,15:00,18:00,운캠C 310
교양,Developing Positive Mind,금,1,3,09:00,12:00,수210
교양,Dive into Diversity: A Cross-Cultural Journey,목,4,6,12:00,15:00,운캠C 307
교양,International Women's Studies,목,4,6,12:00,15:00,수327
교양,Understanding Human Rights,목,7,9,15:00,18:00,난301
교양,Global Citizenship Education and Global Leadership,목,4,6,12:00,15:00,난702
교양,Exploring the World of Sports,수,1,3,09:00,12:00,수204
교양,Basic English Communication,월,1,3,09:00,12:00,수204-1
교양,Basic English Communication,월,1,3,09:00,12:00,성301
교양,Basic English Communication,월,1,3,09:00,12:00,난301
교양,Basic English Communication,월,1,3,09:00,12:00,수407
교양,Basic English Communication,월,1,3,09:00,12:00,운캠B 531
교양,Basic English Communication,월,1,3,09:00,12:00,운캠B 540
교양,Basic English Communication,월,1,3,09:00,12:00,운캠C 306
교양,Basic English Communication,월,1,3,09:00,12:00,운캠C 205
교양,Intermediate English Communication,금,1,3,09:00,12:00,수406
교양,Intermediate English Communication,금,1,3,09:00,12:00,수413
교양,Intermediate English Communication,금,1,3,09:00,12:00,수405
교양,Intermediate English Communication,금,1,3,09:00,12:00,수409
교양,Intermediate English Communication,금,1,3,09:00,12:00,운캠B 423
교양,Advanced English Communication,금,4,6,12:00,15:00,수405
교양,Advanced English Communication,금,4,6,12:00,15:00,운캠C 308
교양,ImaginEd: Power of Metaphor and Media in Learning,수,1,3,09:00,12:00,운캠C 307
교양,"Dystopian Media: Language, Society, and the Future",수,1,3,09:00,12:00,수210
교양,Digital Resilience: Fake News and Algorithms,금,4,6,12:00,15:00,수210
교양,Social Media Content Creation,수,1,3,09:00,12:00,운캠C 310
교양,Navigating Life Overseas,수,1,3,09:00,12:00,운캠C 308
교양,Australian Culture and History,금,1,3,09:00,12:00,운캠C 308
교양,Canadian Culture and History,목,4,6,12:00,15:00,운캠C 308
교양,Historical Turning Points,수,1,3,09:00,12:00,수413
교양,인체생리학,수,1,3,09:00,12:00,운캠P 503
교양,생활 속의 법적 분쟁과 해결,월,1,3,09:00,12:00,운캠C 728
교양,현대 사회와 소외,금,1,3,09:00,12:00,수203
교양,동∙서 철학의 만남,수,1,3,09:00,12:00,성306
교양,비판적 사고 기초,월,4,6,12:00,15:00,운캠C 739
교양,미학의 이해,수,1,3,09:00,12:00,운캠C 103
교양,영화 스토리텔링의 이해,월,1,3,09:00,12:00,성310
교양,국가안보론,금,4,6,12:00,15:00,성211
교양,국가안보론,금,4,6,12:00,15:00,운캠C 204
교양,전쟁사,수,1,3,09:00,12:00,운캠C 206
교양,북한학,금,1,3,09:00,12:00,운캠C 204
교양,세계 복식과 패션정보,금,4,6,12:00,15:00,성704
교양,한글 맞춤법과 국어 능력,금,4,6,12:00,15:00,운캠C 207
교양,소비자트렌드와 소비자보호,수,1,3,09:00,12:00,성213
교양,중국의 사상과 문화,금,1,3,09:00,12:00,운캠C 206
교양,현대인의 정신 건강,금,1,3,09:00,12:00,nan
교양,무기 체계론,금,1,3,09:00,12:00,성211
교양,대중 문화 예술 산책,월,1,3,09:00,12:00,성311
교양,글로벌 시대와 한국 문학,수,4,6,12:00,15:00,운캠C 206
교양,기초 디자인,수,1,3,09:00,12:00,운캠C 212
교양,세계문화유산으로 보는 한국의 역사와 문화,수,7,9,15:00,18:00,nan
교양,자존감 수업,금,1,3,09:00,12:00,성302
교양,동아시아의 역사와 문화,수,1,3,09:00,12:00,성305
교양,철학으로의 초대,수,1,3,09:00,12:00,성211
교양,생태학의 이해,금,1,3,09:00,12:00,성305
교양,과학기술사,금,4,6,12:00,15:00,성707
교양,프랑스 문화와 예술,금,4,6,12:00,15:00,운캠C 729
교양,미술로 표현된 신체,월,1,3,09:00,12:00,운캠C 739
교양,힐링이 있는 클래식 음악,수,1,3,09:00,12:00,성212
교양,문화와 일상으로 본 서양사,금,4,6,12:00,15:00,nan
교양,오페라의 이해,월,1,3,09:00,12:00,성303
교양,삶과 죽음의 이해,월,10,12,18:00,,성211
교양,글로벌 국가브랜드의 의미와 이해,월,1,3,09:00,12:00,운캠B-106
교양,생활 속의 의학정보,금,4,6,12:00,15:00,운캠C 739
교양,동양 고전의 산책,수,1,3,09:00,12:00,성310
교양,기후 변화와 문명,월,1,3,09:00,12:00,성212
교양,테마로 보는 전통문화,수,1,3,09:00,12:00,운캠C 306
교양,헬스와 운동 재활,수,1,3,09:00,12:00,체301
교양,음식과 문화 이야기,수,1,3,09:00,12:00,nan
교양,헌법: 갈등 해결의 코드,금,7,9,15:00,18:00,nan
교양,4차 산업혁명과 경영혁신,금,1,3,09:00,12:00,nan
교양,음악은 왜 치료적인가,수,1,3,09:00,12:00,성311
교양,우주로의 여행,수,1,3,09:00,12:00,운캠C 728
교양,"클릭, 생활 속의 현대미술",금,4,6,12:00,15:00,수327
교양,한국사 입문,월,1,3,09:00,12:00,운캠C 206
교양,공동체 공유가치의 이해와 실천,수,1,3,09:00,12:00,운캠C 204
교양,뉴스 바로 보기,월,1,3,09:00,12:00,성302
교양,과학의 철학적 이해,화,7,9,15:00,18:00,수203
교양,서양 음악의 이해,금,1,3,09:00,12:00,성213
교양,우리 문화 속의 한자어,금,7,9,15:00,18:00,nan
교양,주제로 읽는 명저: 인문학,월,1,3,09:00,12:00,수C-614
교양,주제로 읽는 명저: 사회과학,금,4,6,12:00,15:00,성701
교양,주제로 읽는 명저: 자연과학,수,1,3,09:00,12:00,운캠C 209
교양,주제로 읽는 명저: 문화예술,금,1,3,09:00,12:00,난301
교양,사례로 이해하는 국제관계와 법,월,1,3,09:00,12:00,nan
교양,경영학 개론,금,4,6,12:00,15:00,nan
교양,회계와 사회,수,1,3,09:00,12:00,nan
교양,일본 문화의 이해,금,1,3,09:00,12:00,수327
교양,기초 수학,금,4,6,12:00,15:00,운캠B 329
교양,현대인의 여가 문화,수,1,3,09:00,12:00,운캠C 208
교양,현대 사회와 여성의 역할,수,1,3,09:00,12:00,성607
교양,마음과 뇌,월,1,3,09:00,12:00,성701
교양,유전자 과학과 미래,금,1,3,09:00,12:00,운캠C 208
교양,주거 문화의 이해,수,1,3,09:00,12:00,운캠B 423
교양,무용과 인간,금,4,6,12:00,15:00,운캠C 208
교양,화장품과 피부,금,4,6,12:00,15:00,운캠P 503
교양,문화 속 수학 읽기,수,1,3,09:00,12:00,nan
교양,사진 예술의 이해,금,4,6,12:00,15:00,운캠C 103
교양,미디어로 일본 문화 읽기,월,1,3,09:00,12:00,난706
교양,현대시 산책,월,1,3,09:00,12:00,수203
교양,역사와 현실,수,1,3,09:00,12:00,nan
교양,기업 사회공헌 활동의 이해와 전망,월,10,12,18:00,,성212
교양,문화콘텐츠 도시의 이해와 전망,수,1,3,09:00,12:00,운캠B 424
교양,포스트휴머니즘의 이해,월,1,3,09:00,12:00,nan
교양,키워드로 읽는 여성학 Ⅰ,금,4,6,12:00,15:00,운캠C 212
교양,키워드로 읽는 여성학 Ⅱ,수,4,6,12:00,15:00,난206
교양,문학치료와 시 쓰기,수,1,3,09:00,12:00,수203
교양,신화와 함께하는 삶,금,7,9,15:00,18:00,nan
교양,인물로 만나는 페미니즘,수,1,3,09:00,12:00,nan
교양,젠더로 본 세계화,수,7,9,15:00,18:00,난206
교양,대중문화 속의 여성과 페미니즘,금,7,9,15:00,18:00,운캠C 212
교양,비즈니스를 위한 인공지능,금,1,3,09:00,12:00,nan
교양,IoT와 전자공학개론,월,1,3,09:00,12:00,nan
교양,사회적 이슈의 찬반 논쟁,금,4,6,12:00,15:00,nan
교양,기호논리학 개론,수,4,6,12:00,15:00,난706
교양,영화로 이해하는 한국사,화,7,9,15:00,18:00,nan
교양,동아시아 문학의 비교,금,1,3,09:00,12:00,nan
교양,"우리, 독립운동을 이야기하다",수,1,3,09:00,12:00,성702
교양,조선 문인들이 사랑한 나의 집,수,1,3,09:00,12:00,nan
교양,적정기술의 이해와 개발,금,1,3,09:00,12:00,운캠C 307
교양,디지털 금융의 이해,금,4,6,12:00,15:00,난206
교양,인문학적 글쓰기,월,1,3,09:00,12:00,운캠C 208
교양,우리 지역의 역사 – 한양과 성북,목,4,6,12:00,15:00,난807
교양,문학예술기행-걸어서 성북동으로,수,7,9,15:00,18:00,수204
교양,ESG의 이해와 실천,수,1,3,09:00,12:00,성704
교양,인류세와 생태적 전환,금,4,6,12:00,15:00,성311
교양,비재무보고(ESG) 공시기준의 이해,수,1,3,09:00,12:00,nan
교양,비즈니스 애널리틱스의 기초,금,1,3,09:00,12:00,nan
교양,국제사회에서의 법과 정치,월,10,12,18:00,,nan
교양,ESG 마케팅 전략과 공감 커뮤니케이션,월,1,3,09:00,12:00,성211
교양,철학적 치유와 정신 건강,금,4,6,12:00,15:00,성710
교양,파워포인트와 엑셀,월,1,3,09:00,12:00,수214
교양,리더십,수,1,3,09:00,12:00,성302
교양,세계의 차 문화,금,4,6,12:00,15:00,운캠C 311
교양,비즈니스와 생활예절,월,1,3,09:00,12:00,nan
교양,예비 부모 교육,금,4,6,12:00,15:00,수203
교양,생활 한자,목,7,9,15:00,18:00,nan
교양,필라테스 움직임 과학,월,4,6,12:00,15:00,운캠P 802
교양,비즈니스 스피치,금,7,9,15:00,18:00,수203
교양,탁구,수,1,3,09:00,12:00,체101
교양,호신술,수,1,3,09:00,12:00,난104
교양,웰니스 요가,수,1,3,09:00,12:00,프701
교양,전통무용,월,1,3,09:00,12:00,운캠P 802
교양,스타일 메이크업,금,7,9,15:00,18:00,운캠P 604
교양,기초 영문법,월,1,3,09:00,12:00,성306
교양,Writing for the Modern World,목,7,9,15:00,18:00,성612
교양,대학생을 위한 경제교육과 실용금융,월,1,3,09:00,12:00,성213
교양,성공적인 진로를 위한 기업가정신,금,7,9,15:00,18:00,운캠C 103
교양,생활 소품 디자인,수,1,3,09:00,12:00,조2-601
교양,문화예술 교육 현장의 이해와 실습,목,7,9,15:00,18:00,성712
교양,문화예술 교육 개론,목,1,3,09:00,12:00,수204-1
교양,기업 환경 홍보의 의미와 미래,수,10,12,18:00,,성212
교양,영미 대중음악과 문화,월,1,3,09:00,12:00,수C-736
교양,학습법 특강,금,1,3,09:00,12:00,nan
교양,Basic Communication Skills,목,4,6,12:00,15:00,수204-1
교양,웰니스와 체형관리,금,4,6,12:00,15:00,난204
교양,지역문화콘텐츠,금,1,3,09:00,12:00,성701
교양,진로탐색과 실용적 글쓰기,목,7,9,15:00,18:00,nan
교양,로컬 화장품 브랜딩과 소비자 이해,금,1,3,09:00,12:00,운캠B 329
교양,안전 및 조직관리 사례 연구,수,1,3,09:00,12:00,프308
교양,안전 및 조직관리 사례 연구,금,1,3,09:00,12:00,프308
교양,조직 리더십 사례 연구,수,1,3,09:00,12:00,프309
교양,조직 리더십 사례 연구,금,1,3,09:00,12:00,프309
교양,국제학생을 위한 한국어 I,금,4,6,12:00,15:00,성713
교양,국제학생을 위한 한국어 II,수,1,3,09:00,12:00,수327
교양,국제학생을 위한 한국어 III,월,1,3,09:00,12:00,운캠C 204
교양,국제학생을 위한 실용 한국어 어휘와 문법,금,7,9,15:00,18:00,성306
교양,동아시아 문화와 컨텐츠,금,7,9,15:00,18:00,운캠C 307
교양,한국 문화의 이해,수,1,3,09:00,12:00,성707
교양,한국 문화의 이해,수,1,3,09:00,12:00,성308
교양,한국 사회의 이해,월,1,3,09:00,12:00,수411
교양,한국 사회의 이해,금,1,3,09:00,12:00,성306
교양,International Seminar: Korean and Global Affairs,금,7,9,15:00,18:00,수413
교양,Global Cultural Studies,월,1,3,09:00,12:00,수413
교양,국제학생을 위한 대학 한국어 I,금,4,6,12:00,15:00,운캠C 306
교양,국제학생을 위한 대학 한국어 II,금,4,6,12:00,15:00,운캠C 209
교양,국제 학생을 위한 한국어 회화 I,금,1,3,09:00,12:00,성713
교양,국제 학생을 위한 한국어 회화 II,월,1,3,09:00,12:00,운캠B 423
교양,케이컬처 비즈니스 모델,수,1,3,09:00,12:00,운캠B 329
교양,스타트업 트렌드,금,4,6,12:00,15:00,성303
교양,스타트업 트렌드,수,1,3,09:00,12:00,성710
교양,창업을 위한 법의 이해,월,1,3,09:00,12:00,성305
교양,인터넷 쇼핑몰 구축과 창업,금,4,6,12:00,15:00,운캠B-106
교양,뷰티 창업론,월,1,3,09:00,12:00,운캠C 212
교양,스타트업과 진로탐색,월,1,3,09:00,12:00,난801
교양,맞춤형 취업역량 기초,월,7,8,15:00,17:00,난604
교양,맞춤형 취업역량 기초,월,2,3,10:00,12:00,운캠P 502
교양,맞춤형 취업역량 실전,금,1,2,09:00,11:00,성212
교양,맞춤형 취업역량 실전,목,2,3,10:00,12:00,운캠C 103
교양,자기 이해와 진로탐색,수,2,3,10:00,12:00,nan
교양,취업트렌드와 문제해결력,금,2,3,10:00,12:00,난504
교양,취업트렌드와 문제해결력,금,5,6,13:00,15:00,운캠P 502
교양,진로설계,월,5,6,13:00,15:00,난604
교양,진로설계,월,2,3,10:00,12:00,운캠P 503
교양,진로설계,금,2,3,10:00,12:00,수412
교양,비판적 사고와 토론,월,1,2,09:00,11:00,성309
교양,비판적 사고와 토론,월,1,2,09:00,11:00,난807
교양,비판적 사고와 토론,월,1,2,09:00,11:00,난204
교양,비판적 사고와 토론,월,1,2,09:00,11:00,난806
교양,비판적 사고와 토론,월,1,2,09:00,11:00,난505
교양,비판적 사고와 토론,월,4,5,12:00,14:00,성309
교양,비판적 사고와 토론,월,4,5,12:00,14:00,난807
교양,비판적 사고와 토론,월,4,5,12:00,14:00,난204
교양,비판적 사고와 토론,월,4,5,12:00,14:00,난806
교양,비판적 사고와 토론,월,4,5,12:00,14:00,난505
교양,비판적 사고와 토론,수,1,2,09:00,11:00,성713
교양,비판적 사고와 토론,수,1,2,09:00,11:00,성706
교양,비판적 사고와 토론,수,1,2,09:00,11:00,난706
교양,비판적 사고와 토론,수,1,2,09:00,11:00,성705
교양,비판적 사고와 토론,수,1,2,09:00,11:00,성712
교양,비판적 사고와 토론,수,1,2,09:00,11:00,성309
교양,비판적 사고와 토론,수,1,2,09:00,11:00,성301
교양,비판적 사고와 토론,금,1,2,09:00,11:00,난702
교양,비판적 사고와 토론,금,1,2,09:00,11:00,수C-614
교양,비판적 사고와 토론,금,1,2,09:00,11:00,성710
교양,비판적 사고와 토론,금,1,2,09:00,11:00,성309
교양,비판적 사고와 토론,금,1,2,09:00,11:00,수C-617
교양,비판적 사고와 토론,금,1,2,09:00,11:00,난801
교양,비판적 사고와 토론,금,1,2,09:00,11:00,성308
교양,비판적 사고와 토론,금,4,5,12:00,14:00,난702
교양,비판적 사고와 토론,금,4,5,12:00,14:00,수C-614
교양,비판적 사고와 토론,금,4,5,12:00,14:00,난801
교양,비판적 사고와 토론,금,4,5,12:00,14:00,성309
교양,비판적 사고와 토론,금,4,5,12:00,14:00,수C-617
교양,비판적 사고와 토론,월,1,2,09:00,11:00,운캠C 304
교양,비판적 사고와 토론,월,1,2,09:00,11:00,운캠C 307
교양,비판적 사고와 토론,월,1,2,09:00,11:00,운캠C 305
교양,비판적 사고와 토론,월,4,5,12:00,14:00,운캠C 304
교양,비판적 사고와 토론,월,4,5,12:00,14:00,운캠C 307
교양,비판적 사고와 토론,월,4,5,12:00,14:00,운캠C 305
교양,비판적 사고와 토론,금,1,2,09:00,11:00,운캠C 304
교양,비판적 사고와 토론,금,1,2,09:00,11:00,운캠C 305
교양,비판적 사고와 토론,금,1,2,09:00,11:00,운캠B 529
교양,비판적 사고와 토론,금,4,5,12:00,14:00,운캠C 304
교양,비판적 사고와 토론,금,4,5,12:00,14:00,운캠C 305
교양,창조적 사고와 글쓰기,월,1,2,09:00,11:00,수204
교양,창조적 사고와 글쓰기,월,1,2,09:00,11:00,수405
교양,창조적 사고와 글쓰기,월,1,2,09:00,11:00,수406
교양,창조적 사고와 글쓰기,월,1,2,09:00,11:00,수C-615
교양,창조적 사고와 글쓰기,월,1,2,09:00,11:00,수C-843
교양,창조적 사고와 글쓰기,월,1,2,09:00,11:00,수210
교양,창조적 사고와 글쓰기,월,4,5,12:00,14:00,수204
교양,창조적 사고와 글쓰기,월,4,5,12:00,14:00,수405
교양,창조적 사고와 글쓰기,월,4,5,12:00,14:00,수406
교양,창조적 사고와 글쓰기,월,4,5,12:00,14:00,수210
교양,창조적 사고와 글쓰기,수,1,2,09:00,11:00,난805
교양,창조적 사고와 글쓰기,수,1,2,09:00,11:00,수407
교양,창조적 사고와 글쓰기,수,1,2,09:00,11:00,수408
교양,창조적 사고와 글쓰기,수,1,2,09:00,11:00,난801
교양,창조적 사고와 글쓰기,수,1,2,09:00,11:00,수204-1
교양,창조적 사고와 글쓰기,수,1,2,09:00,11:00,수405
교양,창조적 사고와 글쓰기,수,1,2,09:00,11:00,수406
교양,창조적 사고와 글쓰기,수,4,5,12:00,14:00,성712
교양,창조적 사고와 글쓰기,수,4,5,12:00,14:00,난805
교양,창조적 사고와 글쓰기,금,1,2,09:00,11:00,수408
교양,창조적 사고와 글쓰기,금,1,2,09:00,11:00,성705
교양,창조적 사고와 글쓰기,금,1,2,09:00,11:00,수407
교양,창조적 사고와 글쓰기,금,1,2,09:00,11:00,성607
교양,창조적 사고와 글쓰기,금,1,2,09:00,11:00,난805
교양,창조적 사고와 글쓰기,금,1,2,09:00,11:00,수204
교양,창조적 사고와 글쓰기,금,4,5,12:00,14:00,수408
교양,창조적 사고와 글쓰기,금,4,5,12:00,14:00,난805
교양,창조적 사고와 글쓰기,금,4,5,12:00,14:00,수407
교양,창조적 사고와 글쓰기,금,4,5,12:00,14:00,성310
교양,창조적 사고와 글쓰기,금,4,5,12:00,14:00,성306
교양,창조적 사고와 글쓰기,금,1,2,09:00,11:00,운캠B 541
교양,창조적 사고와 글쓰기,금,1,2,09:00,11:00,운캠B 531
교양,창조적 사고와 글쓰기,금,1,2,09:00,11:00,운캠B 424
교양,창조적 사고와 글쓰기,금,1,2,09:00,11:00,운캠B 540
교양,창조적 사고와 글쓰기,금,4,5,12:00,14:00,운캠B 541
교양,창조적 사고와 글쓰기,금,4,5,12:00,14:00,운캠B 531
교양,창조적 사고와 글쓰기,금,4,5,12:00,14:00,운캠B 424
교양,창조적 사고와 글쓰기,금,4,5,12:00,14:00,운캠B 540
교양,창조적 사고와 글쓰기,수,11,12,19:00,,성310
교양,창조적 사고와 글쓰기,수,11,12,19:00,,성311
교직,교육심리,화,2,3,10:00,12:00,성612
교직,교육심리,화,5,6,13:00,15:00,성612
교직,교육심리,화,8,9,16:00,18:00,성612
교직,교육심리,수,8,9,16:00,18:00,성612
교직,교육방법 및 교육공학,화,2,3,10:00,12:00,수413
교직,교육방법 및 교육공학,화,5,6,13:00,15:00,수C-844
교직,교육방법 및 교육공학,화,8,9,16:00,18:00,수413
교직,교육방법 및 교육공학,수,5,6,13:00,15:00,수C-844
교직,교육행정 및 교육경영,화,2,3,10:00,12:00,수409
교직,교육행정 및 교육경영,월,7,8,15:00,17:00,운캠B 329
교직,교육과정,수,7,8,15:00,17:00,수C-617
교직,교육과정,목,2,3,10:00,12:00,수C-617
교직,교육평가,화,4,5,12:00,14:00,수412
교직,교육평가,수,4,5,12:00,14:00,수412
교직,교육사회,월,5,6,13:00,15:00,수411
교직,교육사회,화,5,6,13:00,15:00,운캠C 211
교직,교육철학 및 교육사,목,2,3,10:00,12:00,수413
교직,교육철학 및 교육사,목,7,8,15:00,17:00,운캠C 305
교직,특수교육학개론,금,5,6,13:00,15:00,수C-844
교직,특수교육학개론,목,2,3,10:00,12:00,운캠B 531
교직,학교폭력 예방 및 학생의 이해,금,2,3,10:00,12:00,수C-844
교직,학교폭력 예방 및 학생의 이해,금,2,3,10:00,12:00,수C-843
교직,학교폭력 예방 및 학생의 이해,금,5,6,13:00,15:00,수204-1
교직,학교폭력 예방 및 학생의 이해,목,7,8,15:00,17:00,수C-843
교직,학교현장실습,토,6,7,14:00,16:00,성818
교직,교육철학및교육사,월,10,11,18:00,20:00,성818
교직,교육심리,월,10,11,18:00,20:00,성813
교직,교육사회,월,10,11,18:00,20:00,성819
교직,교육과정,토,2,3,10:00,12:00,성818
교직,교육방법및교육공학,월,10,11,18:00,20:00,성815
교직,교육행정및교육경영,월,12,13,20:00,,성819
교직,특수교육학개론,월,12,13,20:00,,성822
교직,교육평가,월,12,13,20:00,,성820
교직,학교폭력예방및학생의이해,월,12,13,20:00,,성813
교직,교육행정 및 교육경영,월,7,8,15:00,17:00,nan
