category,subject,day,start_period,end_period,start_time,end_time,room
전공,인문 고전의 이해,화,1,3,09:00,12:00,성212
전공,국문학의 이해,화,4,6,12:00,15:00,수205
전공,국어학의 이해,월,4,6,12:00,15:00,수327
전공,현대문학의 이해,목,7,9,15:00,18:00,수C-740
전공,국어문법론,수,4,6,12:00,15:00,수205
전공,고전문학과 전통문화,수,7,9,15:00,18:00,수205
전공,문학교육론,월,4,6,12:00,15:00,성711
전공,설화와 스토리텔링,목,4,6,12:00,15:00,수409
전공,현대소설과 사회,화,7,9,15:00,18:00,수C-615
전공,한국문학과 세계문학,수,7,9,15:00,18:00,수C-615
전공,국어 교과교육론,월,7,9,15:00,18:00,수C-737
전공,국어 논리 및 논술,화,4,6,12:00,15:00,수C-737
전공,옛노래의 세계,목,7,9,15:00,18:00,수C-615
전공,문화와 비평,월,7,9,15:00,18:00,성306
전공,국어어휘론,화,4,6,12:00,15:00,수C-740
전공,영미사회와 문화,수,4,6,12:00,15:00,성303
전공,영미단편,화,4,6,12:00,15:00,난505
전공,영어학101,월,7,9,15:00,18:00,난604
전공,통역실습,월,4,6,12:00,15:00,성702
전공,실용영어 스피치와 프리젠테이션,화,1,3,09:00,12:00,성702
전공,실용영어 스피치와 프리젠테이션,목,1,3,09:00,12:00,성702
전공,오스틴과 브론테의 소설 세계,수,7,9,15:00,18:00,난706
전공,응용 영어학,화,4,6,12:00,15:00,nan
전공,영미희곡,월,7,9,15:00,18:00,수C-736
전공,외국어 교과교육론(서양권),화,7,9,15:00,18:00,성607
전공,외국어 논리 및 논술(서양권),수,7,9,15:00,18:00,성607
전공,영어권 대중문학,월,4,6,12:00,15:00,성305
전공,미국문학으로 보는 다문화주의,수,4,6,12:00,15:00,성305
전공,영미명작읽기,목,4,6,12:00,15:00,난505
전공,미국 드라마 스토리텔링,목,7,9,15:00,18:00,성707
전공,AI를 활용한 영어 연구(캡스톤디자인),화,7,9,15:00,18:00,수213
전공,기초독일어 1,월,7,9,15:00,18:00,수C-617
전공,독일어권 문화와 사회,수,7,9,15:00,18:00,수C-614
전공,기초독일어회화 1,화,1,3,09:00,12:00,성705
전공,독일 텍스트 강독,목,7,9,15:00,18:00,수204
전공,독문학개론,월,4,6,12:00,15:00,수C-737
전공,독일어 듣기와 말하기1,목,1,3,09:00,12:00,성705
전공,중급독일어1,화,4,6,12:00,15:00,수C-738
전공,독일어 에세이와 프레젠테이션,목,4,6,12:00,15:00,성705
전공,시사 독일어,수,4,6,12:00,15:00,수204-1
전공,현대독일문학,수,7,9,15:00,18:00,수C-737
전공,독일동화와 민담,화,7,9,15:00,18:00,수C-737
전공,독일 미디어와 언어,화,4,6,12:00,15:00,수C-614
전공,초급프랑스어 1,화,4,6,12:00,15:00,수C-615
전공,프랑스어 발음연습,월,7,9,15:00,18:00,성705
전공,프랑스 문화와 명작산책,목,7,9,15:00,18:00,수C-617
전공,프랑스어회화 A2,목,7,9,15:00,18:00,성705
전공,중급프랑스어 1,목,4,6,12:00,15:00,수C-617
전공,프랑스 공연예술,월,4,6,12:00,15:00,수411
전공,DELF A2-B1,목,1,3,09:00,12:00,수204-1
전공,프랑스 시와 샹송,금,1,3,09:00,12:00,수405
전공,프랑스어 어휘와 문화,화,7,9,15:00,18:00,수407
전공,프랑스 비즈니스 문화,화,4,6,12:00,15:00,수204-1
전공,현대프랑스소설과 작가,목,1,3,09:00,12:00,수C-739
전공,초급일본어연습 1,화,4,6,12:00,15:00,수413
전공,초급일본어연습 1,화,7,9,15:00,18:00,수413
전공,초급일본어연습 1,목,1,3,09:00,12:00,수C-736
전공,일본어 기초표현 1,월,4,6,12:00,15:00,수C-843
전공,일본어 기초표현 1,수,4,6,12:00,15:00,수409
전공,일본어 기초표현 1,화,1,3,09:00,12:00,수210
전공,일본의 이해,목,7,9,15:00,18:00,성212
전공,중급일본어연습 1,목,7,9,15:00,18:00,수C-736
전공,일본어 중급표현 1,수,4,6,12:00,15:00,수C-736
전공,중급일본어회화 1,목,4,6,12:00,15:00,수C-739
전공,중급일본어회화 1,화,4,6,12:00,15:00,수C-736
전공,일본애니메이션과 일본사회,수,7,9,15:00,18:00,난204
전공,일본문학의 흐름 1,월,7,9,15:00,18:00,수412
전공,일본어 교과교육론,화,4,6,12:00,15:00,수204
전공,고급일본어회화,화,1,3,09:00,12:00,수C-736
전공,일본어 고급표현 1,수,7,9,15:00,18:00,수C-617
전공,일본어학개론,목,4,6,12:00,15:00,수407
전공,비즈니스 일본어와 프레젠테이션,목,7,9,15:00,18:00,수412
전공,일본문학・문화의 비교연구,화,7,9,15:00,18:00,수409
전공,일본 근현대문학과 내러티브,수,4,6,12:00,15:00,수C-843
전공,일본어로 읽는 세계의 이슈,월,4,6,12:00,15:00,난702
전공,중국문화의 이해,금,7,9,15:00,18:00,난204
전공,초급중국어 회화 1,화,4,6,12:00,15:00,난301
전공,초급중국어 회화 1,화,4,6,12:00,15:00,난302
전공,초급중국어 회화 1,화,4,6,12:00,15:00,난603
전공,기초중국어리딩1,월,7,9,15:00,18:00,난701
전공,기초중국어리딩1,월,7,9,15:00,18:00,난302
전공,기초중국어리딩1,월,7,9,15:00,18:00,수407
전공,중국문학사 1,목,7,9,15:00,18:00,난301
전공,중급중국어 1,월,4,6,12:00,15:00,난301
전공,중급중국어 회화 1,수,4,6,12:00,15:00,난301
전공,디지털 중국어문학의 이해,화,7,9,15:00,18:00,수214
전공,중국 고전산문과 문화 코드,목,4,6,12:00,15:00,난301
전공,중국 희곡의 이해,수,7,9,15:00,18:00,난701
전공,고급중국어 연습과 토론,화,7,9,15:00,18:00,난301
전공,중국어 교과교육론,화,1,3,09:00,12:00,수C-844
전공,외국어 논리 및 논술(동양권),수,4,6,12:00,15:00,수C-844
전공,중국어작문,목,7,9,15:00,18:00,난302
전공,중국어번역 이론과 실제,화,4,6,12:00,15:00,난602
전공,역사적 내러티브의 이해와 활용,월,7,9,15:00,18:00,수204
전공,공공역사와 미디어,화,7,9,15:00,18:00,성306
전공,문화유산의 이해,화,1,3,09:00,12:00,수406
전공,한국 고대국가의 성립과 발전,월,4,6,12:00,15:00,수C-736
전공,서양사 1- 고중세사,목,1,3,09:00,12:00,수C-737
전공,"데이터와 역사: 사료, 디지털, 물질",금,4,6,12:00,15:00,수C-737
전공,조선시대의 역사와 문화,월,7,9,15:00,18:00,수C-739
전공,동아시아사: 일본사회의 성립과 발전,화,4,6,12:00,15:00,수C-843
전공,현재의 역사: 세계 이슈의 역사적 기원,목,7,9,15:00,18:00,수C-738
전공,현대사 특강,수,7,9,15:00,18:00,수C-739
전공,여성사의 이해,화,4,6,12:00,15:00,수408
전공,냉전사의 이해,화,7,9,15:00,18:00,수C-617
전공,역사 속의 불교사상과 문화,목,7,9,15:00,18:00,수210
전공,근대성의 이해,수,7,9,15:00,18:00,수C-736
전공,혁명과 사회운동,목,4,6,12:00,15:00,수C-737
전공,"역사학과 문화유산의 재현과 활용: 공공역사, 박물관, 글로컬리티",수,4,6,12:00,15:00,수C-614
전공,예술경영학,목,4,6,12:00,15:00,운캠C 207
전공,공연기획,목,7,9,15:00,18:00,운캠C 208
전공,문화예술감상과 이해,화,4,6,12:00,15:00,운캠C 207
전공,문화예술감상과 이해,목,1,3,09:00,12:00,운캠C 208
전공,전시기획,월,7,9,15:00,18:00,운캠C 208
전공,예술적 글쓰기,수,1,3,09:00,12:00,운캠B 531
전공,박물관 미술관 경영,목,7,9,15:00,18:00,운캠C 207
전공,무대연출론,화,4,6,12:00,15:00,운캠P 707
전공,무대연출론,화,7,9,15:00,18:00,운캠P 707
전공,뮤지컬시장의 이해,목,1,3,09:00,12:00,운캠C 209
전공,문화예술정책의 이해,월,4,6,12:00,15:00,운캠C 204
전공,극장 경영,화,1,3,09:00,12:00,운캠C 207
전공,대중예술 트렌드 세미나,수,7,9,15:00,18:00,운캠C 308
전공,미디어영상연기의 이해,수,7,9,15:00,18:00,운캠B 541
전공,호흡/발성 1,화,4,6,12:00,15:00,운캠P 808
전공,호흡/발성 1,화,7,9,15:00,18:00,운캠P 808
전공,움직임트레이닝 1,월,3,5,11:00,14:00,운캠P 807
전공,메소드연기 1,월,7,8,15:00,17:00,운캠P 807
전공,메소드연기 1,목,8,9,16:00,18:00,운캠P 807
전공,메소드연기 1,월,8,9,16:00,18:00,운캠P 807
전공,메소드연기 1,목,7,8,15:00,17:00,운캠P 807
전공,메소드연기 1,목,4,6,12:00,15:00,운캠P 808
전공,매체연기 기초 1,수,4,6,12:00,15:00,운캠P 716
전공,매체연기 기초 1,수,7,9,15:00,18:00,운캠P 716
전공,매체연기 기초 1,월,4,6,12:00,15:00,운캠P 716
전공,배우 화술 1,월,4,6,12:00,15:00,운캠P 808
전공,단편영화 프로덕션 1,금,7,9,15:00,18:00,운캠C 304
전공,단편영화 프로덕션 1,금,7,9,15:00,18:00,운캠P 716
전공,단편영화 프로덕션 1,수,7,9,15:00,18:00,운캠C 211
전공,단편영화 프로덕션 1,월,7,9,15:00,18:00,운캠P 716
전공,장면연기워크숍 1,수,4,6,12:00,15:00,운캠P 807
전공,장면연기워크숍 1,수,4,6,12:00,15:00,운캠P 808
전공,움직임워크숍 1,화,4,6,12:00,15:00,운캠P 807
전공,공연워크샵 1,수,7,9,15:00,18:00,운캠P 807
전공,보컬 1,화,4,5,12:00,14:00,운캠P 716
전공,보컬 1,화,2,3,10:00,12:00,운캠P 716
전공,장편드라마 연기실습 1,금,7,8,15:00,17:00,운캠P 715
전공,시나리오 분석과 캐릭터 창조 1,금,4,5,12:00,14:00,운캠P 716
전공,연극 예술사,목,4,5,12:00,14:00,운캠C 211
전공,개별연기테크닉,화,5,6,13:00,15:00,운캠P 715
전공,졸업작품워크숍 1,월,2,4,10:00,13:00,운캠P 715
전공,졸업작품워크숍 1,목,7,9,15:00,18:00,운캠P 716
전공,연기 이론의 이해 1,화,7,8,15:00,17:00,운캠P 716
전공,음악의 이해,목,1,3,09:00,12:00,운캠B 423
전공,로직 프로 랩 1,목,8,9,16:00,18:00,nan
전공,컨템포러리 음악 분석과 장르 1,수,8,9,16:00,18:00,nan
전공,재즈 화성학 1,화,7,8,15:00,17:00,운캠P 706
전공,재즈 화성학 1,화,5,6,13:00,15:00,운캠C 205
전공,임프로비제이션 앙상블 1,목,6,7,14:00,16:00,운캠P 706
전공,컨템포러리 음악과 테크놀로지 1,화,8,9,16:00,18:00,nan
전공,코드 스케일과 보이싱,월,5,6,13:00,15:00,운캠P 706
전공,코드 스케일과 보이싱,월,5,6,13:00,15:00,운캠C 205
전공,시퀀싱 테크닉 랩 1,수,6,7,14:00,16:00,운캠P 705
전공,시퀀싱 테크닉 랩 1,수,8,9,16:00,18:00,운캠P 705
전공,송라이팅 워크숍 1,화,5,6,13:00,15:00,운캠P 705
전공,송라이팅 워크숍 1,화,7,8,15:00,17:00,운캠P 705
전공,송라이팅 워크숍 1,화,7,8,15:00,17:00,운캠C 205
전공,홈 레코딩,목,8,9,16:00,18:00,운캠P 706
전공,스테이지 퍼포먼스 앙상블 1,목,2,3,10:00,12:00,운캠P 706
전공,리하모니제이션 테크닉,월,7,8,15:00,17:00,운캠P 706
전공,에이블톤 라이브 세션 1,수,4,5,12:00,14:00,운캠P 706
전공,스튜디오 프로덕션과 엔지니어링 1,목,6,7,14:00,16:00,운캠B-301a
전공,가상 악기 연구,금,6,7,14:00,16:00,운캠P 705
전공,가상 악기 연구,금,8,9,16:00,18:00,운캠P 705
전공,필름 스코어링과 오케스트레이션 1,월,2,3,10:00,12:00,운캠P 704
전공,필름 스코어링과 오케스트레이션 1,월,4,5,12:00,14:00,운캠P 704
전공,필름 스코어링과 오케스트레이션 1,월,7,8,15:00,17:00,운캠C 205
전공,콜라보러티브 프로덕션 캡스톤 디자인 워크숍 1,화,4,5,12:00,14:00,운캠B-301a
전공,스튜디오 레코딩 앙상블 1,수,6,7,14:00,16:00,운캠P 706
전공,융합무용기초,목,4,6,12:00,15:00,운캠B-302
전공,융합무용기초,목,1,3,09:00,12:00,운캠B-201c
전공,융합무용기초,목,4,6,12:00,15:00,운캠P 802
전공,전공실기 1,목,2,3,10:00,12:00,운캠B-302
전공,전공실기 1,화,7,8,15:00,17:00,운캠B-201b
전공,전공실기 1,목,7,8,15:00,17:00,운캠P 802
전공,움직임과 표현 1,화,4,5,12:00,14:00,운캠B-201b
전공,움직임과 표현 1,화,7,8,15:00,17:00,운캠P 802
전공,움직임과 표현 1,수,2,3,10:00,12:00,운캠B-302
전공,움직임과 표현 1,수,7,8,15:00,17:00,운캠P 805
전공,필라테스자세교정 1,월,4,5,12:00,14:00,운캠P 802
전공,무용예술,수,4,6,12:00,15:00,운캠C 209
전공,요가테라피 1,화,4,5,12:00,14:00,운캠P 802
전공,요가테라피 1,화,4,5,12:00,14:00,운캠P 805
전공,요가테라피 1,수,4,5,12:00,14:00,운캠P 805
전공,전공실기 3,수,4,5,12:00,14:00,운캠B-302
전공,전공실기 3,화,4,5,12:00,14:00,운캠B-201c
전공,전공실기 3,목,7,8,15:00,17:00,운캠P 805
전공,소매틱 클래스,월,4,6,12:00,15:00,운캠B-302
전공,무용워크샵트레이닝 1,목,4,6,12:00,15:00,운캠B-201c
전공,안무즉흥,월,5,6,13:00,15:00,운캠B-201c
전공,전공실기 5,월,7,8,15:00,17:00,운캠B-302
전공,전공실기 5,화,7,8,15:00,17:00,운캠B-201c
전공,전공실기 5,목,7,8,15:00,17:00,운캠B-201b
전공,표현예술치료 1,수,4,6,12:00,15:00,운캠P 802
전공,무용심리학,수,7,9,15:00,18:00,운캠C 209
전공,전공실기 7,목,7,8,15:00,17:00,운캠B-302
전공,전공실기 7,화,2,3,10:00,12:00,운캠B-201c
전공,전공실기 7,수,5,6,13:00,15:00,운캠B-201b
전공,무용지도법 1,수,7,9,15:00,18:00,운캠B-302
전공,무용지도법 1,월,1,3,09:00,12:00,운캠B-201c
전공,무용지도법 1,수,7,8,15:00,17:00,운캠P 802
전공,무용지도법 1,수,8,9,16:00,18:00,운캠P 802
전공,무용감상,목,4,6,12:00,15:00,운캠C 208
전공,정치학개론,화,4,6,12:00,15:00,성211
전공,국제관계사,수,4,6,12:00,15:00,수203
전공,정치사상의 이해,수,7,9,15:00,18:00,성707
전공,정치학방법론,월,7,9,15:00,18:00,성301
전공,정체성의 정치,화,7,9,15:00,18:00,성706
전공,중국정치론,수,4,6,12:00,15:00,성308
전공,글로벌 경제와 정치,수,7,9,15:00,18:00,난206
전공,일본정치론,화,4,6,12:00,15:00,성308
전공,비교정치론,목,7,9,15:00,18:00,성302
전공,미국외교정책,월,4,6,12:00,15:00,성301
전공,한국민주주의론,월,4,6,12:00,15:00,성306
전공,동남아정치론,목,4,6,12:00,15:00,성309
전공,전쟁과 평화,월,7,9,15:00,18:00,성307
전공,한국의 공공외교,화,7,9,15:00,18:00,성309
전공,영사외교 캡스톤디자인,목,7,9,15:00,18:00,성706
전공,정치학원서강독,목,4,6,12:00,15:00,성308
전공,선거와 여론,화,7,9,15:00,18:00,성307
전공,심리학개론,금,4,6,12:00,15:00,난604
전공,심리학개론,수,7,9,15:00,18:00,난504
전공,학습과 기억,목,1,3,09:00,12:00,성213
전공,학습과 기억,목,4,6,12:00,15:00,성704
전공,성격심리학,화,7,9,15:00,18:00,성213
전공,온라인 사회과학 연구,월,7,9,15:00,18:00,성213
전공,실험연구법,목,1,3,09:00,12:00,성307
전공,생애발달,목,7,9,15:00,18:00,성704
전공,사회심리학,화,4,6,12:00,15:00,성306
전공,사회심리학,수,7,9,15:00,18:00,성213
전공,지각심리학,수,4,6,12:00,15:00,성211
전공,이상심리학,화,1,3,09:00,12:00,성211
전공,건강심리학,월,4,6,12:00,15:00,성307
전공,집단상담,수,4,6,12:00,15:00,성213
전공,산업심리학,월,7,9,15:00,18:00,성305
전공,경력개발과 코칭,금,4,6,12:00,15:00,성712
전공,통계 패키지를 활용한 자료 분석,화,7,9,15:00,18:00,수223
전공,학교상담과 생활지도,월,4,6,12:00,15:00,성213
전공,가족상담,수,1,3,09:00,12:00,성213
전공,조사연구법,목,4,6,12:00,15:00,성307
전공,인지 발달,수,4,6,12:00,15:00,성712
전공,글로컬 시대와 지역 이해,화,4,6,12:00,15:00,성311
전공,인문지리학,수,4,6,12:00,15:00,성601
전공,문화지리학,화,1,3,09:00,12:00,성308
전공,지형학,화,7,9,15:00,18:00,성308
전공,지도학,수,4,6,12:00,15:00,수B-610
전공,환태평양 지역지리,목,4,6,12:00,15:00,수B-610
전공,기후위기와 사회변동,수,1,3,09:00,12:00,성309
전공,기후학,수,4,6,12:00,15:00,성612
전공,GIS응용,수,1,3,09:00,12:00,수B-610
전공,도시환경론,목,1,3,09:00,12:00,수B-610
전공,지역개발 및 로컬디자인 실습,금,4,6,12:00,15:00,성607
전공,지리 교과교육론,화,10,12,18:00,,성211
전공,부동산입지분석,화,4,6,12:00,15:00,성309
전공,경제원론 1,화,7,9,15:00,18:00,난206
전공,경제원론 1,목,7,9,15:00,18:00,난206
전공,경제수학입문,수,4,6,12:00,15:00,난805
전공,경제수학입문,수,7,9,15:00,18:00,난805
전공,여성과 경제,월,7,9,15:00,18:00,nan
전공,게임이론,금,4,6,12:00,15:00,성710
전공,미시경제학,수,4,6,12:00,15:00,난206
전공,미시경제학,수,7,9,15:00,18:00,성307
전공,한국경제론,화,1,3,09:00,12:00,난805
전공,경제학방법론,월,4,6,12:00,15:00,수223
전공,화폐금융론,목,1,3,09:00,12:00,nan
전공,산업경제학,월,7,9,15:00,18:00,nan
전공,재정학,화,4,6,12:00,15:00,난206
전공,국제경제학,목,4,6,12:00,15:00,난206
전공,노동경제학,월,4,6,12:00,15:00,난206
전공,계량경제학,수,4,6,12:00,15:00,난701
전공,보건경제학,금,4,6,12:00,15:00,난805
전공,경제학특강,화,7,9,15:00,18:00,난805
전공,커뮤니케이션과 사회,목,7,9,15:00,18:00,난505
전공,커뮤니케이션과 사회,금,7,9,15:00,18:00,난505
전공,전략 커뮤니케이션 개론,화,1,3,09:00,12:00,난505
전공,전략 커뮤니케이션 개론,월,7,9,15:00,18:00,난805
전공,미디어와 문화,화,4,6,12:00,15:00,성302
전공,디지털 미디어 리터러시,금,7,9,15:00,18:00,난302
전공,디지털 미디어 리터러시,목,1,3,09:00,12:00,수214
전공,영상미학,수,4,6,12:00,15:00,난205
전공,커뮤니케이션이론,월,4,6,12:00,15:00,성701
전공,마케팅커뮤니케이션 효과론,수,7,9,15:00,18:00,난205
전공,K-컬처와 한류,화,7,9,15:00,18:00,난702
전공,미디어 데이터 분석,화,4,6,12:00,15:00,수223
전공,마케팅커뮤니케이션캠페인,목,7,9,15:00,18:00,수C-614
전공,미디어비즈니스,수,7,9,15:00,18:00,난505
전공,미디어 서비스 기획,목,1,3,09:00,12:00,수413
전공,데이터 기반 PR 기획,월,4,6,12:00,15:00,난505
전공,저널리즘 글쓰기,목,4,6,12:00,15:00,수C-614
전공,문화콘텐츠 기반 공공외교,화,1,3,09:00,12:00,수C-737
전공,가상현실에서의 커뮤니케이션 미디어 구현,월,7,9,15:00,18:00,수405
전공,프레젠테이션 전략,수,4,6,12:00,15:00,난505
전공,세계 미디어산업 정책,화,7,9,15:00,18:00,수205
전공,미디어세미나,목,1,3,09:00,12:00,수205
전공,미디어와 사회이슈,수,1,3,09:00,12:00,수214
전공,경영통계학,월,7,9,15:00,18:00,성710
전공,경영통계학,금,4,6,12:00,15:00,성213
전공,경영통계학,화,10,12,18:00,,성213
전공,경영학원론,수,4,6,12:00,15:00,성704
전공,경영학원론,월,10,12,18:00,,성306
전공,회계원리,월,4,6,12:00,15:00,성212
전공,회계원리,목,4,6,12:00,15:00,성211
전공,회계원리,금,10,12,18:00,,성302
전공,재무회계,토,1,3,09:00,12:00,성306
전공,조직행동론,화,4,6,12:00,15:00,성704
전공,조직행동론,토,4,6,12:00,15:00,성704
전공,비즈니스 커뮤니케이션,목,7,9,15:00,18:00,성303
전공,비즈니스 커뮤니케이션,목,10,12,18:00,,성704
전공,비즈니스 커뮤니케이션,목,7,9,15:00,18:00,난806
전공,글로벌 비즈니스의 이해,화,7,9,15:00,18:00,성212
전공,글로벌 비즈니스의 이해,수,7,9,15:00,18:00,성212
전공,글로벌 비즈니스의 이해,화,10,12,18:00,,성301
전공,경영정보분석,화,7,9,15:00,18:00,수207
전공,경영정보분석,목,10,12,18:00,,수207
전공,중급회계,금,7,9,15:00,18:00,nan
전공,마케팅원론,월,4,6,12:00,15:00,성302
전공,마케팅원론,목,4,6,12:00,15:00,성302
전공,마케팅원론,토,4,6,12:00,15:00,성308
전공,인적자원관리,목,1,3,09:00,12:00,성302
전공,인적자원관리,금,10,12,18:00,,성301
전공,원가회계,화,4,6,12:00,15:00,난604
전공,원가회계,화,10,12,18:00,,성212
전공,조세개론,수,7,9,15:00,18:00,성302
전공,조세개론,수,10,12,18:00,,성302
전공,투자론,화,7,9,15:00,18:00,성302
전공,마케팅조사론,수,4,6,12:00,15:00,성302
전공,마케팅조사론,수,10,12,18:00,,성213
전공,데이터 사이언스 1,목,1,3,09:00,12:00,nan
전공,데이터 사이언스 1,금,10,12,18:00,,nan
전공,고급회계,월,10,12,18:00,,성310
전공,고급회계,월,10,12,18:00,,성310
전공,기업재무,월,7,9,15:00,18:00,성302
전공,리더십 개발,금,1,3,09:00,12:00,성211
전공,리더십 개발,토,1,3,09:00,12:00,성211
전공,마케팅 애널리틱스,목,4,6,12:00,15:00,성301
전공,마케팅 애널리틱스,목,10,12,18:00,,성307
전공,유통관리,수,10,12,18:00,,성306
전공,유통관리,수,10,12,18:00,,성306
전공,서비스 운영관리,월,10,12,18:00,,성710
전공,서비스 운영관리,월,10,12,18:00,,성710
전공,재무제표분석과 기업가치평가,목,7,9,15:00,18:00,성308
전공,재무제표분석과 기업가치평가,토,4,6,12:00,15:00,성301
전공,국제비즈니스협상론,수,4,6,12:00,15:00,성212
전공,해외영업 관리 실무,화,4,6,12:00,15:00,성212
전공,사회복지학개론,수,4,6,12:00,15:00,운캠C 212
전공,인간행동과 사회환경,수,7,9,15:00,18:00,운캠C 207
전공,사회문제론,화,4,6,12:00,15:00,운캠B 329
전공,노인복지론,화,4,6,12:00,15:00,운캠B 531
전공,사회복지조사론,화,7,9,15:00,18:00,운캠B 329
전공,사회복지정책론,화,1,3,09:00,12:00,운캠C 208
전공,청소년복지론,목,4,6,12:00,15:00,운캠B 329
전공,지역사회복지론,월,4,6,12:00,15:00,운캠B 329
전공,건강가정론,목,7,9,15:00,18:00,운캠B 329
전공,사회복지실천기술론,목,1,3,09:00,12:00,운캠B 531
전공,장애인복지론,수,7,9,15:00,18:00,운캠B 329
전공,정신건강론,월,7,9,15:00,18:00,운캠B 329
전공,사회복지현장실습,화,7,9,15:00,18:00,운캠B 331
전공,사회복지자료분석론,목,4,6,12:00,15:00,운캠B-108
전공,민법 첫걸음,수,7,9,15:00,18:00,성310
전공,민법 첫걸음,화,1,3,09:00,12:00,성303
전공,법학입문,화,4,6,12:00,15:00,성303
전공,영어로 보는 한국법,목,4,6,12:00,15:00,성710
전공,헌법 1,목,7,9,15:00,18:00,난205
전공,상법총론,금,4,6,12:00,15:00,난504
전공,기초법 입문,목,4,6,12:00,15:00,난604
전공,노동법 1,월,4,6,12:00,15:00,성303
전공,문화예술법,화,7,9,15:00,18:00,난504
전공,국제법 1,화,4,6,12:00,15:00,성702
전공,지식재산권법,월,7,9,15:00,18:00,성303
전공,민법총칙,화,7,9,15:00,18:00,성310
전공,민법총칙,목,1,3,09:00,12:00,성211
전공,형법총론,수,4,6,12:00,15:00,성307
전공,헌법 3,화,4,6,12:00,15:00,성707
전공,주식회사법,금,7,9,15:00,18:00,성303
전공,의료법,수,7,9,15:00,18:00,nan
전공,형사소송법 1,화,7,9,15:00,18:00,성305
전공,행정법각론,목,7,9,15:00,18:00,성307
전공,경제법,화,1,3,09:00,12:00,nan
전공,사례로 이해하는 행정법,금,4,6,12:00,15:00,성601
전공,국제통상법 1,수,4,6,12:00,15:00,성713
전공,채권법총론,목,4,6,12:00,15:00,성707
전공,영사법무학1,목,1,3,09:00,12:00,성706
전공,영사법무 사례연구,목,4,6,12:00,15:00,성607
전공,가족법,수,4,6,12:00,15:00,수327
전공,사회보장법,화,4,6,12:00,15:00,성310
전공,형법연습,월,7,9,15:00,18:00,성310
전공,연구개발과 과학기술법,월,4,6,12:00,15:00,수412
전공,법률 상담 실무,금,1,3,09:00,12:00,성702
전공,특수범죄와 형벌,수,7,9,15:00,18:00,난302
전공,조합 및 그래프 이론,월,4,6,12:00,15:00,난504
전공,통계적 사고,수,7,9,15:00,18:00,수327
전공,통계적 사고,목,4,6,12:00,15:00,수327
전공,데이터사이언스입문,금,4,6,12:00,15:00,nan
전공,해석학개론 및 연습 1,화,4,6,12:00,15:00,수327
전공,선형대수학 및 연습 1,월,4,6,12:00,15:00,성707
전공,선형대수학 및 연습 1,목,4,6,12:00,15:00,성702
전공,수학적 모델링과 미분방정식,수,4,6,12:00,15:00,성710
전공,정수론 및 연습,수,7,9,15:00,18:00,성710
전공,다변수미적분학 및 연습,월,7,9,15:00,18:00,수326
전공,머신러닝을 위한 수학,화,7,9,15:00,18:00,성705
전공,현대대수학 및 연습 1,월,7,9,15:00,18:00,수205
전공,복소함수론 및 연습,수,7,9,15:00,18:00,성306
전공,수학적 문제해결 방법론,월,4,6,12:00,15:00,수326
전공,수학 교과교육론,목,4,6,12:00,15:00,성601
전공,수학 논리 및 논술,수,7,9,15:00,18:00,성601
전공,금융사회와 수학,화,4,6,12:00,15:00,성706
전공,위상수학 및 연습 1,화,7,9,15:00,18:00,수326
전공,고급 수학적 프로그래밍,수,4,6,12:00,15:00,수326
전공,수치적 데이터 처리,월,4,6,12:00,15:00,성705
전공,통계프로그래밍,금,4,6,12:00,15:00,수A-603
전공,통계프로그래밍,금,4,6,12:00,15:00,수A-604
전공,보험통계학,화,4,6,12:00,15:00,성710
전공,회귀분석 1,수,4,6,12:00,15:00,수C-615
전공,회귀분석 1,월,4,6,12:00,15:00,수205
전공,수리통계학 1,월,1,3,09:00,12:00,성704
전공,탐색적 자료분석,월,4,6,12:00,15:00,수A-603
전공,탐색적 자료분석,월,7,9,15:00,18:00,수A-603
전공,R통계분석,화,1,3,09:00,12:00,수207
전공,R통계분석,화,1,3,09:00,12:00,수A-604
전공,R통계분석,화,1,3,09:00,12:00,수214
전공,사회조사방법론,수,4,6,12:00,15:00,성309
전공,범주형자료분석,화,4,6,12:00,15:00,수A-603
전공,범주형자료분석,수,7,9,15:00,18:00,수A-604
전공,범주형자료분석,금,7,9,15:00,18:00,수A-603
전공,통계시뮬레이션,화,1,3,09:00,12:00,수A-603
전공,다변량자료분석 I,수,4,6,12:00,15:00,난604
전공,경영경제 자료분석,화,7,9,15:00,18:00,수A-604
전공,빅데이터통계분석,월,4,6,12:00,15:00,수203
전공,데이터기반 인공지능1,수,1,3,09:00,12:00,수C-615
전공,최적화와 통계계산,목,4,6,12:00,15:00,수A-604
전공,고급기계학습,금,4,6,12:00,15:00,수204
전공,빅데이터캡스톤디자인,목,7,9,15:00,18:00,수A-603
전공,금융 데이터베이스,금,7,9,15:00,18:00,수C-615
전공,인공지능 및 핀테크 서비스,목,7,9,15:00,18:00,수205
전공,핀테크와 응용암호 1,화,4,6,12:00,15:00,난702
전공,금융암호 구현 1,수,1,3,09:00,12:00,nan
전공,보험수리학,목,4,6,12:00,15:00,성310
전공,일반화학실험 1,수,4,6,12:00,15:00,운캠A 449
전공,일반화학실험 1,수,4,6,12:00,15:00,운캠A 557
전공,일반화학실험 1,수,7,9,15:00,18:00,운캠A 449
전공,일반화학실험 1,수,7,9,15:00,18:00,운캠A 557
전공,일반화학실험 1,목,1,3,09:00,12:00,운캠A 449
전공,일반화학실험 1,목,1,3,09:00,12:00,운캠A 557
전공,일반화학실험 1,목,4,6,12:00,15:00,운캠A 449
전공,일반화학실험 1,목,4,6,12:00,15:00,운캠A 557
전공,일반화학실험 1,목,7,9,15:00,18:00,운캠A 449
전공,일반화학실험 1,목,7,9,15:00,18:00,운캠A 557
전공,일반화학실험 1,금,7,9,15:00,18:00,운캠A 449
전공,일반화학실험 1,금,7,9,15:00,18:00,운캠A 557
전공,유기화학 1,월,4,6,12:00,15:00,nan
전공,화학으로 본 세상,수,5,6,13:00,15:00,운캠P 502
전공,물리화학 1,목,1,3,09:00,12:00,운캠P 503
전공,분석화학 1,수,7,9,15:00,18:00,운캠P 502
전공,분석화학실험,화,4,6,12:00,15:00,운캠A 449
전공,분석화학실험,화,7,9,15:00,18:00,운캠A 449
전공,생화학 1,수,4,6,12:00,15:00,nan
전공,유기화학실험,월,7,9,15:00,18:00,운캠A 449
전공,유기화학실험,화,1,3,09:00,12:00,운캠A 449
전공,에너지공학개론,목,4,6,12:00,15:00,운캠C 307
전공,무기화학 1,월,4,6,12:00,15:00,운캠C 103
전공,무기화학실험,화,7,9,15:00,18:00,운캠A 557
전공,유기분광학,수,4,6,12:00,15:00,운캠B 424
전공,물리화학 3,화,1,3,09:00,12:00,운캠P 502
전공,전기화학,월,7,9,15:00,18:00,운캠B 529
전공,에너지 변환 및 저장,화,4,6,12:00,15:00,운캠B 529
전공,유기화학특강,월,7,9,15:00,18:00,nan
전공,물리화학특강,월,4,6,12:00,15:00,운캠B 529
전공,나노재료화학 1,화,4,6,12:00,15:00,운캠C 307
전공,연구프로젝트 종합설계 1,수,7,9,15:00,18:00,nan
전공,표면화학,화,1,3,09:00,12:00,운캠B 541
전공,식품학개론,수,7,9,15:00,18:00,운캠C 204
전공,보건학개론,화,4,6,12:00,15:00,운캠C 206
전공,보건통계학,목,4,6,12:00,15:00,운캠C 206
전공,보건교육학,월,4,6,12:00,15:00,운캠B 424
전공,예방의학영양관리,화,4,6,12:00,15:00,운캠B 530
전공,보건영양학,월,7,9,15:00,18:00,운캠B 424
전공,데이터분석을 위한 수학,화,4,6,12:00,15:00,운캠B 540
전공,데이터분석Ⅰ(SAS Programming),화,7,9,15:00,18:00,운캠C 212
전공,보건의료데이터분석Ⅰ(머신러닝),수,4,6,12:00,15:00,운캠B 540
전공,보건의료데이터분석Ⅱ(보건의료영상분석),목,4,6,12:00,15:00,운캠B 540
전공,바이오헬스경제성평가,수,7,9,15:00,18:00,운캠B 530
전공,건강정보(RWD)분석,목,7,9,15:00,18:00,운캠C 212
전공,영양생화학 1,수,4,6,12:00,15:00,운캠B 530
전공,식생활관리,화,4,6,12:00,15:00,운캠B 541
전공,조리원리,수,7,9,15:00,18:00,운캠B 540
전공,고급영양학,화,7,9,15:00,18:00,운캠B 423
전공,식품미생물학,월,4,6,12:00,15:00,nan
전공,식품분석학 및 실험,목,7,9,15:00,18:00,운캠A 757
전공,영양교육 및 상담실습,수,4,6,12:00,15:00,운캠B 423
전공,단체급식관리,화,7,9,15:00,18:00,운캠B 540
전공,임상영양학,월,7,9,15:00,18:00,운캠B 530
전공,식품가공 및 저장학,목,4,6,12:00,15:00,운캠C 204
전공,단체급식관리실습,목,7,9,15:00,18:00,운캠B 540
전공,일반화학실험 1,월,4,6,12:00,15:00,운캠C 412
전공,일반화학실험 1,월,7,9,15:00,18:00,운캠C 412
전공,일반화학실험 1,수,4,6,12:00,15:00,운캠C 412
전공,신소재와 미래과학기술,화,7,9,15:00,18:00,운캠C 204
전공,소재의 물성,금,4,6,12:00,15:00,nan
전공,결정학개론,목,4,6,12:00,15:00,운캠C 309
전공,재료과학과 공학 1,월,7,9,15:00,18:00,운캠C 207
전공,열역학,월,4,6,12:00,15:00,운캠C 207
전공,현대물리학,수,4,6,12:00,15:00,운캠B 529
전공,기초재료공학실험 1,화,4,6,12:00,15:00,운캠C 412
전공,기초재료공학실험 1,화,7,9,15:00,18:00,운캠C 412
전공,국제환경규제,월,7,9,15:00,18:00,운캠B 531
전공,전기화학,월,4,6,12:00,15:00,운캠B 531
전공,재료 공학 실험 1,수,7,9,15:00,18:00,운캠C 412
전공,나노소재공학,화,4,6,12:00,15:00,운캠B-106
전공,자원순환공학,화,7,9,15:00,18:00,운캠C 207
전공,금속재료학,금,7,9,15:00,18:00,nan
전공,창의성 공학설계와 창업(캡스톤디자인) 1,목,7,9,15:00,18:00,운캠C 412
전공,고분자 소재,화,4,6,12:00,15:00,운캠C 309
전공,푸드테크 연구 동향 및 전망,수,4,6,12:00,15:00,운캠C 207
전공,식품 물리화학,수,7,9,15:00,18:00,운캠B 423
전공,유기화학,화,4,6,12:00,15:00,운캠B 423
전공,바이오식품미생물공학,월,4,6,12:00,15:00,nan
전공,생명공학,목,7,9,15:00,18:00,운캠B 423
전공,식품분석실험,화,7,9,15:00,18:00,운캠C 614
전공,식품응용수학,월,7,9,15:00,18:00,운캠B 423
전공,바이오식품화학 1,수,7,9,15:00,18:00,운캠B 424
전공,발효식품공학,화,4,6,12:00,15:00,운캠P 502
전공,바이오식품공학 1,목,4,6,12:00,15:00,운캠B 423
전공,바이오식품안전실험,수,4,6,12:00,15:00,운캠C 614
전공,기능성식품학,목,7,9,15:00,18:00,운캠B 424
전공,바이오식품가공학,화,7,9,15:00,18:00,운캠C 208
전공,바이오식품가공학 및 공학 실험,수,4,6,12:00,15:00,운캠A 648
전공,바이오식품설계,화,1,3,09:00,12:00,운캠B 423
전공,유기화학 1,월,4,6,12:00,15:00,nan
전공,생화학 1,수,4,6,12:00,15:00,nan
전공,의생명 물리 실험,화,7,9,15:00,18:00,운캠A 352
전공,의생명 물리 실험,수,7,9,15:00,18:00,운캠A 352
전공,면역학,수,4,6,12:00,15:00,nan
전공,바이오신약공정실험,수,1,3,09:00,12:00,운캠A 351
전공,신경과학,금,4,6,12:00,15:00,운캠C 103
전공,바이오센서공학,화,7,9,15:00,18:00,운캠C 311
전공,생물분자구조학,화,4,6,12:00,15:00,운캠C 212
전공,약물전달학,월,7,9,15:00,18:00,운캠P 502
전공,일반생물학실험 1,월,4,6,12:00,15:00,운캠B 109
전공,일반생물학실험 1,월,7,9,15:00,18:00,운캠B 109
전공,일반생물학실험 1,화,4,6,12:00,15:00,운캠B 109
전공,일반생물학실험 1,화,7,9,15:00,18:00,운캠B 109
전공,일반생물학실험 1,수,4,6,12:00,15:00,운캠B 109
전공,일반생물학실험 1,수,7,9,15:00,18:00,운캠B 109
전공,일반생물학실험 1,목,4,6,12:00,15:00,운캠B 109
전공,일반생물학실험 1,목,7,9,15:00,18:00,운캠B 109
전공,일반생물학실험 1,금,4,6,12:00,15:00,운캠B 109
전공,일반생물학실험 1,금,7,9,15:00,18:00,운캠B 109
전공,생명공학개론1,목,1,3,09:00,12:00,운캠C 311
전공,식물분류학,목,4,6,12:00,15:00,운캠B 424
전공,식물분류학실험,금,4,6,12:00,15:00,nan
전공,생태학,월,7,9,15:00,18:00,운캠P 503
전공,분자생물학 1,목,4,6,12:00,15:00,운캠P 502
전공,분자생물학 1,목,7,9,15:00,18:00,운캠P 502
전공,컴퓨터생물학개론,월,4,6,12:00,15:00,운캠C 212
전공,신약공정 및 품질관리,화,4,6,12:00,15:00,nan
전공,유전공학,월,7,9,15:00,18:00,운캠C 103
전공,생리학,수,7,9,15:00,18:00,운캠B 531
전공,생물통계학,목,4,6,12:00,15:00,운캠C 212
전공,바이오분석기기학,월,1,3,09:00,12:00,운캠C 311
전공,줄기세포공학,목,7,9,15:00,18:00,운캠B 531
전공,생명공학창의설계 1,금,1,3,09:00,12:00,운캠B 541
전공,발생학-발생공학 실험,목,1,3,09:00,12:00,운캠A 351
전공,진화생물학,화,4,6,12:00,15:00,운캠B 424
전공,전임상의학 및 실습,화,7,9,15:00,18:00,운캠B 541
전공,AI융합개론,목,1,3,09:00,12:00,성303
전공,AI융합개론,목,4,6,12:00,15:00,성303
전공,IT개론,화,7,9,15:00,18:00,성303
전공,이산수학,월,7,9,15:00,18:00,성211
전공,이산수학,목,7,9,15:00,18:00,성211
전공,고급파이썬프로그래밍,화,4,6,12:00,15:00,성213
전공,고급파이썬프로그래밍,금,4,6,12:00,15:00,난505
전공,디지털논리회로,화,1,3,09:00,12:00,난504
전공,자료구조,수,1,3,09:00,12:00,난204
전공,자료구조,목,1,3,09:00,12:00,난206
전공,컴퓨터구조,금,7,9,15:00,18:00,nan
전공,자바프로그래밍,목,4,6,12:00,15:00,수214
전공,자바프로그래밍,목,4,6,12:00,15:00,수213
전공,고급C++프로그래밍,수,4,6,12:00,15:00,수214
전공,고급C++프로그래밍,수,7,9,15:00,18:00,수214
전공,인공지능,수,7,9,15:00,18:00,성303
전공,심층학습,목,7,9,15:00,18:00,성306
전공,심층학습,목,7,9,15:00,18:00,수214
전공,심층학습,금,7,9,15:00,18:00,성306
전공,고급기계학습,금,4,6,12:00,15:00,난205
전공,디지털 신호처리,월,7,9,15:00,18:00,수A-506
전공,디지털 신호처리,화,7,9,15:00,18:00,수A-506
전공,알고리즘,수,4,6,12:00,15:00,성306
전공,알고리즘,목,4,6,12:00,15:00,성306
전공,캡스톤디자인,월,7,9,15:00,18:00,성212
전공,지능형 게임,화,4,6,12:00,15:00,수214
전공,AI서비스설계,화,7,9,15:00,18:00,성211
전공,추천시스템,수,7,9,15:00,18:00,성211
전공,추천시스템,수,7,9,15:00,18:00,성305
전공,클라우드컴퓨팅AI,월,4,6,12:00,15:00,성211
전공,클라우드컴퓨팅AI,수,1,3,09:00,12:00,난604
전공,자율이동체 시스템,금,1,3,09:00,12:00,수327
전공,IoT기본실습,목,7,9,15:00,18:00,국401
전공,IoT기본실습,월,7,9,15:00,18:00,국401
전공,IoT시스템설계,목,1,3,09:00,12:00,국401
전공,IoT시스템설계,화,4,6,12:00,15:00,국401
전공,메타버스의 이해,수,4,6,12:00,15:00,수A-506
전공,웹프로그래밍기초,화,4,6,12:00,15:00,수209
전공,IT개론,월,4,6,12:00,15:00,성310
전공,컴퓨터시스템관리,월,7,9,15:00,18:00,수214
전공,자료구조,수,4,6,12:00,15:00,성702
전공,컴퓨터구조,화,4,6,12:00,15:00,성305
전공,자바프로그래밍,수,7,9,15:00,18:00,수209
전공,자바프로그래밍,수,7,9,15:00,18:00,수207
전공,고급C++프로그래밍,목,7,9,15:00,18:00,수209
전공,고급C++프로그래밍,목,7,9,15:00,18:00,수223
전공,고급C++프로그래밍,목,7,9,15:00,18:00,수207
전공,인공지능,월,4,6,12:00,15:00,성704
전공,시스템프로그래밍,수,7,9,15:00,18:00,성311
전공,서버시스템구축실습,수,4,6,12:00,15:00,성310
전공,정보ㆍ컴퓨터 교과교육론,금,7,9,15:00,18:00,성607
전공,소프트웨어분석및설계,월,7,9,15:00,18:00,성308
전공,인공지능응용,수,1,3,09:00,12:00,수209
전공,알고리즘,화,7,9,15:00,18:00,성704
전공,캡스톤디자인,목,7,9,15:00,18:00,성310
전공,소프트웨어디자인패턴,수,7,9,15:00,18:00,nan
전공,분산시스템,월,4,6,12:00,15:00,성308
전공,클라우드컴퓨팅,화,4,6,12:00,15:00,성307
전공,웹프로그래밍기초,수,4,6,12:00,15:00,수223-1
전공,웹프로그래밍기초,수,4,6,12:00,15:00,수213
전공,웹프로그래밍기초,수,7,9,15:00,18:00,수213
전공,자료구조,화,7,9,15:00,18:00,nan
전공,웹 보안,월,4,6,12:00,15:00,프508
전공,웹 보안,월,4,6,12:00,15:00,프605
전공,웹 보안,월,7,9,15:00,18:00,프605
전공,융합보안개론,목,4,6,12:00,15:00,난504
전공,인공지능기초,수,7,9,15:00,18:00,난604
전공,자바프로그래밍,수,4,6,12:00,15:00,수207
전공,자바프로그래밍,수,4,6,12:00,15:00,수222
전공,정보보호론,월,7,9,15:00,18:00,난505
전공,융합보안 포렌식,월,4,6,12:00,15:00,난604
전공,융합보안 포렌식,월,4,6,12:00,15:00,성309
전공,네트워크 보안,목,4,6,12:00,15:00,프508
전공,네트워크 보안,목,4,6,12:00,15:00,프605
전공,시스템 보안,화,4,6,12:00,15:00,프508
전공,시스템 보안,화,4,6,12:00,15:00,수207
전공,해킹프로그램실습,수,4,6,12:00,15:00,프601
전공,해킹프로그램실습,수,7,9,15:00,18:00,프601
전공,융합보안 범죄대책론,화,7,9,15:00,18:00,성702
전공,암호응용,화,7,9,15:00,18:00,프601
전공,보안소프트웨어 분석과 개발,목,7,9,15:00,18:00,nan
전공,캡스톤디자인,월,4,6,12:00,15:00,프601
전공,침해사고대응,화,4,6,12:00,15:00,프601
전공,침해사고대응,화,4,6,12:00,15:00,프605
전공,산업보안 프로젝트,월,7,9,15:00,18:00,프601
전공,서비스디자인 씽킹,수,4,6,12:00,15:00,수413
전공,서비스디자인 씽킹,수,7,9,15:00,18:00,수413
전공,디지털컨텐츠,목,4,6,12:00,15:00,국501
전공,디지털컨텐츠,목,7,9,15:00,18:00,국501
전공,디지털컨텐츠,금,4,6,12:00,15:00,국502
전공,서비스디자인 개론,수,4,6,12:00,15:00,국502
전공,UX 프로토타이핑,월,4,6,12:00,15:00,국501
전공,UX 프로토타이핑,월,7,9,15:00,18:00,국501
전공,정보설계와 시각화,수,7,9,15:00,18:00,국502
전공,라이프스타일과 트렌드,화,4,6,12:00,15:00,국502
전공,모바일프로그래밍 기초,화,7,9,15:00,18:00,국502
전공,제품서비스시스템디자인,수,4,6,12:00,15:00,프410
전공,VR 콘텐츠디자인,화,4,6,12:00,15:00,국501
전공,VR 콘텐츠디자인,화,7,9,15:00,18:00,국501
전공,비즈니스모델링,목,4,6,12:00,15:00,프410
전공,인간컴퓨터상호작용,목,4,6,12:00,15:00,수223-1
전공,인간컴퓨터상호작용,목,7,9,15:00,18:00,수223-1
전공,알고리즘,월,4,6,12:00,15:00,수214
전공,AI융합디자인,수,7,9,15:00,18:00,프408
전공,데이터기반 서비스디자인,목,4,6,12:00,15:00,프408
전공,서비스디자인스튜디오,목,7,9,15:00,18:00,프408
전공,생성형 인공지능 디자인,화,4,6,12:00,15:00,프408
전공,생성형 인공지능 디자인,화,7,9,15:00,18:00,프408
전공,서비스/UX 디자인 리서치,월,4,6,12:00,15:00,프410
전공,성장과 발달,화,1,3,09:00,12:00,운캠C 625
전공,성장과 발달,수,5,7,13:00,16:00,운캠C 625
전공,간호학개론,화,7,8,15:00,17:00,운캠P 503
전공,간호학개론,화,5,6,13:00,15:00,운캠C 311
전공,인간관계와 의사소통,화,5,6,13:00,15:00,운캠P 503
전공,인간관계와 의사소통,화,2,3,10:00,12:00,운캠P 503
전공,기본간호학 1,월,8,9,16:00,18:00,운캠C 729
전공,기본간호학 1,월,4,5,12:00,14:00,운캠C 729
전공,임상약리학,목,7,8,15:00,17:00,운캠C 739
전공,임상약리학,목,4,5,12:00,14:00,운캠C 739
전공,병리학,월,5,6,13:00,15:00,운캠C 309
전공,병리학,월,7,8,15:00,17:00,운캠C 309
전공,영양과 간호,월,2,3,10:00,12:00,운캠C 729
전공,성인간호학 1,화,8,9,16:00,18:00,운캠C 739
전공,성인간호학 1,화,5,6,13:00,15:00,운캠C 739
전공,기본간호학실습 1,수,4,5,12:00,14:00,운캠C 509a
전공,기본간호학실습 1,수,4,5,12:00,14:00,운캠C 509b
전공,기본간호학실습 1,수,6,7,14:00,16:00,운캠C 509a
전공,기본간호학실습 1,수,6,7,14:00,16:00,운캠C 509b
전공,기본간호학실습 1,수,8,9,16:00,18:00,운캠C 509a
전공,기본간호학실습 1,수,8,9,16:00,18:00,운캠C 509b
전공,건강사정실습,화,2,3,10:00,12:00,운캠C 508
전공,건강사정실습,화,4,5,12:00,14:00,운캠C 508
전공,건강사정실습,화,6,7,14:00,16:00,운캠C 508
전공,건강사정실습,목,2,3,10:00,12:00,운캠C 508
전공,건강사정실습,목,6,7,14:00,16:00,운캠C 508
전공,건강사정실습,목,8,9,16:00,18:00,운캠C 508
전공,지역사회간호학 1,화,1,3,09:00,12:00,운캠C 728
전공,지역사회간호학 1,수,1,3,09:00,12:00,운캠C 728
전공,지역사회간호학 1,월,1,3,09:00,12:00,운캠C 728
전공,지역사회간호학 1,화,5,7,13:00,16:00,운캠C 728
전공,성인간호학 실습 1,금,1,2,09:00,11:00,nan
전공,성인간호학 실습 1,금,3,4,11:00,13:00,nan
전공,성인간호학 실습 1,금,5,6,13:00,15:00,nan
전공,여성건강간호학 2,월,1,3,09:00,12:00,운캠B-106
전공,여성건강간호학 2,목,5,7,13:00,16:00,운캠B-106
전공,여성건강간호학 2,월,5,7,13:00,16:00,운캠B-106
전공,여성건강간호학 2,목,1,3,09:00,12:00,운캠B-106
전공,정신간호학 1,화,8,9,16:00,18:00,"운캠C 728,운캠C 739"
전공,정신간호학 1,목,2,3,10:00,12:00,"운캠C 728,운캠C 739"
전공,정신간호학 1,수,7,8,15:00,17:00,"운캠C 729,운캠C 739"
전공,정신간호학 1,목,7,8,15:00,17:00,"운캠C 729,운캠C 739"
전공,아동간호학 2,화,5,7,13:00,16:00,"운캠B-106,운캠C 211"
전공,아동간호학 2,수,5,7,13:00,16:00,"운캠B-106,운캠C 211"
전공,아동간호학 2,화,1,3,09:00,12:00,"운캠C 212,운캠C 309"
전공,아동간호학 2,수,1,3,09:00,12:00,"운캠C 212,운캠C 309"
전공,성인간호학 4,월,5,6,13:00,15:00,운캠C 728
전공,성인간호학 4,수,8,9,16:00,18:00,운캠C 728
전공,성인간호학 4,목,8,9,16:00,18:00,운캠C 728
전공,성인간호학 4,월,8,9,16:00,18:00,"운캠C 728,운캠C 729,운캠C 739"
전공,성인간호학 4,수,5,6,13:00,15:00,"운캠C 728,운캠C 729,운캠C 739"
전공,성인간호학 4,목,5,6,13:00,15:00,"운캠C 728,운캠C 729,운캠C 739"
전공,노인간호학,화,8,9,16:00,18:00,운캠C 729
전공,노인간호학,목,5,6,13:00,15:00,운캠C 729
전공,노인간호학,화,8,9,16:00,18:00,운캠C 729
전공,노인간호학,목,5,6,13:00,15:00,운캠C 729
전공,지역사회간호학 2,월,2,3,10:00,12:00,"운캠C 103,운캠C 208"
전공,지역사회간호학 2,월,5,6,13:00,15:00,"운캠C 103,운캠C 208"
전공,지역사회간호학 2,월,2,3,10:00,12:00,"운캠C 103,운캠C 208"
전공,지역사회간호학 2,월,5,6,13:00,15:00,"운캠C 103,운캠C 208"
전공,간호관리학,수,5,7,13:00,16:00,"운캠C 212,운캠C 729"
전공,간호관리학,목,1,3,09:00,12:00,"운캠C 212,운캠C 729"
전공,간호관리학,수,5,7,13:00,16:00,"운캠C 212,운캠C 728"
전공,간호관리학,목,1,3,09:00,12:00,"운캠C 212,운캠C 728"
전공,성인간호학실습 3,토,1,2,09:00,11:00,nan
전공,성인간호학실습 3,토,3,4,11:00,13:00,nan
전공,성인간호학실습 3,토,5,6,13:00,15:00,nan
전공,정신간호학실습 2,토,3,4,11:00,13:00,nan
전공,정신간호학실습 2,토,5,6,13:00,15:00,nan
전공,정신간호학실습 2,토,1,2,09:00,11:00,nan
전공,성인간호학 6,화,5,6,13:00,15:00,운캠C 729
전공,성인간호학 6,수,8,9,16:00,18:00,운캠C 729
전공,성인간호학 6,화,5,6,13:00,15:00,운캠C 729
전공,성인간호학 6,수,8,9,16:00,18:00,운캠C 729
전공,글로벌간호,금,8,9,16:00,18:00,nan
전공,가정 교과교육론,월,4,6,12:00,15:00,운캠B 229
전공,가정 논리 및 논술,월,1,3,09:00,12:00,운캠B 229
전공,패션과 문화,화,7,9,15:00,18:00,운캠P 502
전공,패션마케팅,월,7,9,15:00,18:00,운캠B-109
전공,패션마케팅,목,7,9,15:00,18:00,운캠B-108
전공,인체와 의복구성,목,7,9,15:00,18:00,운캠B 427
전공,인체와 의복구성,목,4,6,12:00,15:00,운캠B 427
전공,인체와 의복구성,화,4,6,12:00,15:00,운캠B 427
전공,인체와 의복구성,화,4,6,12:00,15:00,운캠B 534
전공,의류학,수,4,6,12:00,15:00,운캠C 311
전공,의류학,수,7,9,15:00,18:00,운캠C 311
전공,패션소재의 이해,목,4,6,12:00,15:00,운캠P 503
전공,한국복식디자인 1,수,4,6,12:00,15:00,운캠B 430
전공,드레이핑,목,7,9,15:00,18:00,운캠B 534
전공,드레이핑,금,4,6,12:00,15:00,운캠B 534
전공,드레이핑,화,4,6,12:00,15:00,운캠B 537
전공,드레이핑,월,4,6,12:00,15:00,운캠B 534
전공,어패럴 메이킹,월,7,9,15:00,18:00,운캠B 427
전공,어패럴 메이킹,화,7,9,15:00,18:00,운캠B 427
전공,어패럴 메이킹,수,4,6,12:00,15:00,운캠B 534
전공,패션 디지털그래픽,목,7,9,15:00,18:00,운캠B-109
전공,패션니트,수,7,9,15:00,18:00,운캠B 434
전공,한국복식프로젝트,목,4,6,12:00,15:00,운캠B 430
전공,패션드레이핑,수,4,6,12:00,15:00,운캠B 537
전공,패션드레이핑,목,7,9,15:00,18:00,운캠B 537
전공,글로벌패션과 캡스톤디자인,화,4,6,12:00,15:00,운캠B 647
전공,패션디자인CAD 2,화,7,9,15:00,18:00,운캠B 425
전공,패션디자인CAD 2,화,1,3,09:00,12:00,운캠B 425
전공,패션디자인CAD 2,수,4,6,12:00,15:00,운캠B 425
전공,패션디자인 창업 스튜디오,수,7,9,15:00,18:00,운캠B-109
전공,졸업프로젝트,월,4,6,12:00,15:00,운캠B 647
전공,졸업프로젝트,월,7,9,15:00,18:00,운캠B 645
전공,졸업프로젝트,목,7,9,15:00,18:00,운캠B 430
전공,졸업프로젝트,월,4,6,12:00,15:00,운캠B 430
전공,패션포트폴리오,월,4,6,12:00,15:00,운캠B 645
전공,패션포트폴리오,화,7,9,15:00,18:00,운캠B 645
전공,패션테크놀로지,목,4,6,12:00,15:00,운캠B 425
전공,소비자학,월,7,9,15:00,18:00,운캠C 204
전공,소비자학,목,4,6,12:00,15:00,운캠B 530
전공,가계경제와 시장,월,4,6,12:00,15:00,운캠P 503
전공,가정생활문화,화,7,9,15:00,18:00,운캠C 304
전공,가정생활문화,수,4,6,12:00,15:00,운캠C 304
전공,소비자상담과 피해구제,화,4,6,12:00,15:00,운캠C 204
전공,소비자재무설계,화,1,3,09:00,12:00,운캠B 424
전공,소비자안전세미나,목,7,9,15:00,18:00,운캠B 230
전공,브랜딩과 기획,수,7,9,15:00,18:00,운캠C 206
전공,서비스산업과 프로세스관리,금,7,9,15:00,18:00,운캠C 208
전공,소비자조사분석과 실습,월,4,6,12:00,15:00,운캠B 423
전공,융복합신기술과 소비자 캡스톤디자인,목,1,3,09:00,12:00,운캠B 424
전공,소비자유통과 창업,화,7,9,15:00,18:00,운캠C 103
전공,디지털금융과 소비자,수,4,6,12:00,15:00,운캠B 531
전공,라이프스타일과 생활문화산업,금,4,6,12:00,15:00,운캠C 309
전공,기업프로모션연출실무,목,7,9,15:00,18:00,운캠C 304
전공,주거학,금,1,3,09:00,12:00,운캠P 502
전공,통계분석 및 실습,화,4,6,12:00,15:00,운캠B 229
전공,생활문화산업비즈니스,수,7,9,15:00,18:00,운캠C 304
전공,미용학개론,수,4,6,12:00,15:00,운캠C 208
전공,기초메이크업,월,7,9,15:00,18:00,운캠P 604
전공,기초메이크업,화,1,3,09:00,12:00,운캠P 604
전공,피부과학,화,4,6,12:00,15:00,운캠C 103
전공,기초헤어스타일링,목,4,6,12:00,15:00,운캠C 615
전공,기초헤어스타일링,수,7,9,15:00,18:00,운캠C 615
전공,전공 실무중국어,목,5,6,13:00,15:00,운캠C 308
전공,전공 실무영어,수,7,8,15:00,17:00,운캠C 306
전공,체형관리에스테틱,목,4,6,12:00,15:00,운캠P 603
전공,응용메이크업,목,1,3,09:00,12:00,운캠P 607
전공,응용메이크업,화,7,9,15:00,18:00,운캠P 607
전공,응용메이크업,목,7,9,15:00,18:00,운캠P 604
전공,미용문화사,월,4,6,12:00,15:00,운캠C 615
전공,공중보건과 위생,화,4,6,12:00,15:00,운캠C 208
전공,뷰티네일,월,7,9,15:00,18:00,운캠P 606
전공,뷰티네일,화,1,3,09:00,12:00,운캠P 607
전공,뷰티네일,수,4,6,12:00,15:00,운캠P 606
전공,화장품 제조 및 실습,목,1,3,09:00,12:00,운캠P 605
전공,화장품 제조 및 실습,목,4,6,12:00,15:00,운캠P 605
전공,컬러 코디네이트 미학,화,7,8,15:00,17:00,운캠C 615
전공,화장품 성분학,월,7,9,15:00,18:00,운캠C 212
전공,미디어 메이크업,월,4,6,12:00,15:00,운캠P 604
전공,미디어 메이크업,금,4,6,12:00,15:00,운캠P 604
전공,헤어디자인,화,1,3,09:00,12:00,운캠C 615
전공,헤어디자인,금,1,3,09:00,12:00,운캠C 615
전공,무대분장,목,7,9,15:00,18:00,운캠P 607
전공,무대분장,화,7,9,15:00,18:00,운캠P 604
전공,메디컬 에스테틱,화,4,6,12:00,15:00,운캠P 603
전공,화장 심리학,화,1,3,09:00,12:00,운캠C 209
전공,졸업작품 및 논문,화,4,6,12:00,15:00,운캠C 304
전공,졸업작품 및 논문,화,4,6,12:00,15:00,운캠C 305
전공,졸업작품 및 논문,화,4,6,12:00,15:00,운캠C 306
전공,졸업작품 및 논문,화,4,6,12:00,15:00,운캠P 606
전공,졸업작품 및 논문,화,4,6,12:00,15:00,운캠C 308
전공,졸업작품 및 논문,목,4,6,12:00,15:00,운캠P 604
전공,졸업작품 및 논문,화,4,6,12:00,15:00,운캠P 604
전공,졸업작품 및 논문,화,4,6,12:00,15:00,운캠P 607
전공,맞춤형화장품 조제관리학 심화,목,7,9,15:00,18:00,운캠P 605
전공,볼링 1,수,4,6,12:00,15:00,nan
전공,탁구,화,1,3,09:00,12:00,체101
전공,수영,수,7,9,15:00,18:00,nan
전공,스피드 스케이팅Ⅰ,월,4,6,12:00,15:00,nan
전공,운동재활개론,화,1,3,09:00,12:00,성704
전공,요가지도법,화,7,9,15:00,18:00,프701
전공,요가지도법,수,7,9,15:00,18:00,프701
전공,운동과 건강,화,5,6,13:00,15:00,난504
전공,무도,목,4,6,12:00,15:00,난104
전공,무도,수,4,6,12:00,15:00,난104
전공,해양스포츠 1,금,1,3,09:00,12:00,nan
전공,해양스포츠 1,금,4,6,12:00,15:00,nan
전공,운동생리학,화,7,9,15:00,18:00,수203
전공,트레킹,화,4,6,12:00,15:00,nan
전공,스포츠통계,화,4,6,12:00,15:00,수213
전공,스포츠경영학,목,4,6,12:00,15:00,성706
전공,구기,목,1,3,09:00,12:00,체101
전공,운동처방,수,7,9,15:00,18:00,성706
전공,운동역학,월,8,9,16:00,18:00,성706
전공,스트레칭,목,7,9,15:00,18:00,프701
전공,대체요법,수,4,6,12:00,15:00,성706
전공,근관절 기능해부학,화,7,9,15:00,18:00,성701
전공,스포츠재활심리학,화,1,3,09:00,12:00,성701
전공,운동과 발육발달,수,4,6,12:00,15:00,성707
전공,상해예방과 재활테이핑,목,1,3,09:00,12:00,프701
전공,근막경선기반 비니재활요가,화,4,6,12:00,15:00,프701
전공,운동재활마사지,목,4,6,12:00,15:00,프701
전공,스포츠카운셀링,수,4,6,12:00,15:00,성701
전공,운동손상학,목,7,9,15:00,18:00,난702
전공,유산소운동과 재활,수,7,9,15:00,18:00,난104
전공,수중재활,월,7,9,15:00,18:00,성607
전공,장애운동재활체육론,목,1,2,09:00,11:00,수405
전공,병태생리학,목,4,6,12:00,15:00,성701
전공,특수체육,화,4,6,12:00,15:00,성701
전공,장애인스포츠지도사(보치아),수,7,9,15:00,18:00,성308
전공,매트필라테스,수,4,6,12:00,15:00,프701
전공,세계∙민주시민교육 2,수,7,9,15:00,18:00,수210
전공,평생교육,화,4,6,12:00,15:00,수405
전공,교육학의 이해,월,7,9,15:00,18:00,수C-738
전공,자기주도학습과 학습코칭,수,4,6,12:00,15:00,성607
전공,교육철학,화,7,9,15:00,18:00,수204-1
전공,학습동기와 정서,화,4,6,12:00,15:00,성607
전공,교육연구방법,월,1,3,09:00,12:00,수C-739
전공,교수ㆍ학습이론,수,7,9,15:00,18:00,수C-843
전공,교사론,수,4,6,12:00,15:00,수210
전공,교육학 교과교육론,월,1,3,09:00,12:00,수C-844
전공,평생교육경영론,월,7,9,15:00,18:00,수C-844
전공,캡스톤디자인 특수교육학,수,7,9,15:00,18:00,수C-844
전공,문화와 사회,금,4,6,12:00,15:00,수405
전공,법과 사회,목,1,3,09:00,12:00,수406
전공,인간과 사회,화,4,6,12:00,15:00,수406
전공,경제교육 들어가기,월,7,9,15:00,18:00,수C-843
전공,거시경제원론,금,7,9,15:00,18:00,수405
전공,미국과 민주주의,수,7,9,15:00,18:00,수406
전공,사회학자의 생애와 사상,화,7,9,15:00,18:00,수406
전공,일반사회 교과교육론,월,4,6,12:00,15:00,수C-844
전공,사회 논리 및 논술,수,7,9,15:00,18:00,수405
전공,금융경제와 금융교육,금,4,6,12:00,15:00,수407
전공,민주정치와 시민교육,목,7,9,15:00,18:00,수406
전공,글로벌·다문화시대의 교수법,목,7,9,15:00,18:00,수405
전공,인간과 행정,월,7,9,15:00,18:00,수406
전공,사회문제의 이해,수,4,6,12:00,15:00,수407
전공,동양윤리고전강독,목,4,6,12:00,15:00,수405
전공,포스트휴먼 시대 윤리문제 탐구,화,7,9,15:00,18:00,수C-738
전공,정치와 윤리,수,7,9,15:00,18:00,수408
전공,논리학,월,7,9,15:00,18:00,수C-614
전공,다문화사회의 생명윤리,수,7,9,15:00,18:00,수C-738
전공,윤리학개론,화,7,9,15:00,18:00,수C-614
전공,민주주의론,목,4,6,12:00,15:00,수205
전공,시민교육론,화,4,6,12:00,15:00,수C-617
전공,서양고전과 윤리,월,7,9,15:00,18:00,수408
전공,도덕윤리 교과교육론,화,7,9,15:00,18:00,수408
전공,한국윤리사상,월,4,6,12:00,15:00,수C-615
전공,한국윤리사상사,화,4,6,12:00,15:00,수407
전공,현대사회와 윤리 교과교육론,수,7,9,15:00,18:00,수407
전공,윤리와 논술,목,7,9,15:00,18:00,성213
전공,근현대윤리이론,금,4,6,12:00,15:00,수C-844
전공,서예,수,7,9,15:00,18:00,수C-616
전공,한자학입문,화,1,3,09:00,12:00,수411
전공,한자와 한문의 기초,목,4,6,12:00,15:00,수406
전공,한문학개론,목,7,9,15:00,18:00,수409
전공,한국고전신화읽기,월,7,9,15:00,18:00,수409
전공,한문교육학 입문,수,7,9,15:00,18:00,수412
전공,논어강독,월,4,6,12:00,15:00,수C-739
전공,한문 교과교육론,목,10,12,18:00,,성301
전공,한국한문학사2,목,7,9,15:00,18:00,수411
전공,산문교육론,월,7,9,15:00,18:00,수210
전공,시화강독,월,4,6,12:00,15:00,수407
전공,한중고사원문선독,화,4,6,12:00,15:00,수411
전공,동요반주법 1,목,7,8,15:00,17:00,수C-1036
전공,영유아발달,화,4,6,12:00,15:00,수203
전공,유아교육개론,목,4,6,12:00,15:00,수408
전공,유아교육사상,수,7,9,15:00,18:00,수409
전공,보육과정,목,7,9,15:00,18:00,수C-737
전공,유아과학교육,수,4,6,12:00,15:00,수408
전공,동요반주법 3,목,2,3,10:00,12:00,수C-1036
전공,유아언어교육,화,4,6,12:00,15:00,수409
전공,놀이지도,수,7,9,15:00,18:00,수411
전공,유아사회교육,월,7,9,15:00,18:00,수411
전공,디지털 미디어 유아교육 방법론,목,4,6,12:00,15:00,수411
전공,유치원 교과교육론,화,7,9,15:00,18:00,수C-844
전공,유치원 논리 및 논술,목,7,9,15:00,18:00,수408
전공,유아동작교육,월,4,6,12:00,15:00,수408
전공,유아교사론,화,4,6,12:00,15:00,수412
전공,유아를 위한 세계시민교육,화,7,9,15:00,18:00,수411
전공,미술사1,수,5,6,13:00,15:00,난706
전공,민화와 아이디어의 개발1,화,4,6,12:00,15:00,조1-702
전공,민화와 아이디어의 개발1,목,1,3,09:00,12:00,조1-702
전공,전통매체기법의 이해1,월,7,9,15:00,18:00,조1-306
전공,전통매체기법의 이해1,월,7,9,15:00,18:00,조1-702
전공,획과 여백1,월,4,6,12:00,15:00,조1-306
전공,획과 여백1,화,4,6,12:00,15:00,조1-306
전공,한국회화사,화,4,6,12:00,15:00,난204
전공,현대수묵화연구1,수,7,9,15:00,18:00,조1-401
전공,채색화기초1,월,7,9,15:00,18:00,조1-306
전공,현대동양화 1,월,4,6,12:00,15:00,조1-301
전공,현대동양화 1,화,8,9,16:00,18:00,"조1-401,조1-409"
전공,조형과 표현1,화,1,3,09:00,12:00,조1-301
전공,조형과 표현1,수,4,6,12:00,15:00,조1-401
전공,현장드로잉1,수,4,6,12:00,15:00,조1-307
전공,현장드로잉1,목,7,9,15:00,18:00,조1-410
전공,한국근현대동양화 이론과 현장,월,5,6,13:00,15:00,난204
전공,색채와 표현1,목,1,3,09:00,12:00,조1-307
전공,색채와 표현1,수,4,6,12:00,15:00,조1-410
전공,융합매체1,화,4,6,12:00,15:00,조1-410
전공,현대동양화3,화,1,3,09:00,12:00,조1-307
전공,디지털 미디어와 창작1,수,7,9,15:00,18:00,조1-701
전공,한국회화 스튜디오1,화,5,6,13:00,15:00,조1-512
전공,한국회화 스튜디오1,화,7,8,15:00,17:00,조1-512
전공,한국회화 스튜디오1,목,4,5,12:00,14:00,조1-512
전공,한국회화 스튜디오1,화,5,6,13:00,15:00,조1-511
전공,한국회화 스튜디오1,화,7,8,15:00,17:00,조1-511
전공,한국회화 스튜디오1,목,2,3,10:00,12:00,조1-511
전공,창작스튜디오1,월,4,6,12:00,15:00,조1-512
전공,창작스튜디오1,수,7,9,15:00,18:00,조1-512
전공,창작스튜디오1,월,7,9,15:00,18:00,조1-511
전공,창작스튜디오1,목,4,6,12:00,15:00,조1-511
전공,순수미술 1,목,4,6,12:00,15:00,조1-704
전공,순수미술 1,월,7,9,15:00,18:00,조1-704
전공,순수미술 2,화,4,6,12:00,15:00,조1-704
전공,순수미술 2,화,7,9,15:00,18:00,조1-704
전공,순수미술 3,월,7,9,15:00,18:00,조1-604
전공,순수미술 3,수,7,9,15:00,18:00,조1-605
전공,현대회화 1(실험),목,4,6,12:00,15:00,조1-501
전공,현대회화 1(실험),목,7,9,15:00,18:00,조1-509
전공,현대회화 1(드로잉),목,7,9,15:00,18:00,조1-501
전공,현대회화 1(드로잉),목,4,6,12:00,15:00,조1-509
전공,현대회화 1(재현),수,4,6,12:00,15:00,조1-501
전공,현대회화 1(재현),화,4,6,12:00,15:00,조1-509
전공,미술이론 1(서양근세미술과 문화),월,4,6,12:00,15:00,난807
전공,현대회화 1(판화),목,1,3,09:00,12:00,조1-703-2
전공,현대회화 1(판화),화,7,9,15:00,18:00,조1-703-2
전공,현대회화 1(사진),화,7,9,15:00,18:00,조1-704
전공,현대회화 1(사진),수,4,6,12:00,15:00,조1-704
전공,현대회화 3(판화),목,7,9,15:00,18:00,"조1-701,조1-703-2"
전공,현대회화 3(뉴미디어),화,1,3,09:00,12:00,조1-701
전공,현대회화 3(뉴미디어),목,1,3,09:00,12:00,조1-701
전공,현대회화 3(구상),수,4,6,12:00,15:00,조1-610
전공,현대회화 3(구상),화,7,9,15:00,18:00,조1-611
전공,현대회화 3(추상),목,4,6,12:00,15:00,조1-610
전공,현대회화 3(추상),수,4,6,12:00,15:00,조1-611
전공,현대회화 3(복합매체),월,7,9,15:00,18:00,조1-610
전공,현대회화 3(복합매체),화,4,6,12:00,15:00,조1-611
전공,미술이론 4(시각예술론),수,4,6,12:00,15:00,난302
전공,작품연구 1,월,7,9,15:00,18:00,조1-601
전공,작품연구 1,월,4,6,12:00,15:00,조1-606
전공,작품연구 2,월,4,6,12:00,15:00,조1-601
전공,작품연구 2,화,4,6,12:00,15:00,조1-606
전공,작품연구 3,화,1,3,09:00,12:00,조1-601
전공,작품연구 3,수,1,3,09:00,12:00,조1-606
전공,작품연구 4,수,7,9,15:00,18:00,조1-601
전공,작품연구 4,월,7,9,15:00,18:00,조1-606
전공,아트 피규어,목,4,6,12:00,15:00,조1-210
전공,아트 피규어,목,7,9,15:00,18:00,조1-210
전공,모델링,월,7,9,15:00,18:00,조1-103
전공,모델링,화,4,6,12:00,15:00,조1-103
전공,현대미술 다가가기,금,4,5,12:00,14:00,난301
전공,미디어 아트 1,금,4,6,12:00,15:00,조1-701
전공,미디어 아트 1,월,4,6,12:00,15:00,조1-701
전공,동시대 조각의 현장 1,목,2,3,10:00,12:00,난702
전공,형상조소1,화,7,9,15:00,18:00,조1-102
전공,형상조소1,수,7,9,15:00,18:00,조1-102
전공,형상조소1,목,7,9,15:00,18:00,조1-102
전공,형상조소1,화,4,6,12:00,15:00,조1-102
전공,형상조소1,수,4,6,12:00,15:00,조1-102
전공,형상조소1,목,4,6,12:00,15:00,조1-102
전공,석조기법 1,수,4,6,12:00,15:00,조1-108
전공,석조기법 1,수,7,9,15:00,18:00,조1-108
전공,현대조각 1,월,4,6,12:00,15:00,조1-214
전공,현대조각 1,월,7,9,15:00,18:00,조1-214
전공,현대조각 1,월,4,6,12:00,15:00,조1-215
전공,현대조각 1,월,7,9,15:00,18:00,조1-215
전공,형상표현1,금,7,9,15:00,18:00,조1-214
전공,형상표현1,금,7,9,15:00,18:00,조1-215
전공,재료기법 1,목,7,9,15:00,18:00,조1-101
전공,재료기법 1,화,7,9,15:00,18:00,조1-101
전공,디지털 조형 1,수,4,6,12:00,15:00,조1-701
전공,디지털 조형 1,화,4,6,12:00,15:00,조1-701
전공,현대조각의 흐름,목,5,6,13:00,15:00,난702
전공,자유창작 1,화,1,5,09:00,14:00,조1-106
전공,자유창작 1,화,5,9,13:00,18:00,조1-106
전공,자유창작 1,화,1,5,09:00,14:00,조1-104
전공,자유창작 1,화,5,9,13:00,18:00,조1-104
전공,2D디지털그래픽 1,화,1,3,09:00,12:00,수222
전공,2D디지털그래픽 1,목,1,3,09:00,12:00,수222
전공,2D디지털그래픽 1,월,4,6,12:00,15:00,수222
전공,통합금속공예실기 1,목,4,6,12:00,15:00,조2-106
전공,통합금속공예실기 1,화,4,6,12:00,15:00,조2-106
전공,통합금속공예실기 1,수,4,6,12:00,15:00,조2-106
전공,통합도자공예실기 1,수,4,6,12:00,15:00,조1-B103
전공,통합도자공예실기 1,수,7,9,15:00,18:00,조1-B103
전공,통합도자공예실기 1,화,4,6,12:00,15:00,조1-B103
전공,텍스타일 조형실습 1,화,7,9,15:00,18:00,조2-206
전공,텍스타일 조형실습 1,월,7,9,15:00,18:00,조2-206
전공,텍스타일 조형실습 1,목,7,9,15:00,18:00,조2-206
전공,금속전공이론 1,화,7,9,15:00,18:00,조2-204
전공,섬유소재분석론,수,4,6,12:00,15:00,조2-301
전공,3D디지털모델링 1,목,4,6,12:00,15:00,조2-301
전공,3D디지털모델링 1,목,7,9,15:00,18:00,조2-301
전공,금속표현연구 1,월,7,9,15:00,18:00,조2-204
전공,금속·주얼리디자인기초 1,목,7,9,15:00,18:00,조2-204
전공,도자표현연구 1,수,4,6,12:00,15:00,난105
전공,패턴디자인기초,수,7,9,15:00,18:00,조2-508
전공,도자리빙디자인기초 1,금,4,6,12:00,15:00,조1-B103
전공,텍스타일소재개발 1,월,4,6,12:00,15:00,조2-508
전공,텍스타일드로잉1,화,4,6,12:00,15:00,조2-508
전공,도자장식기초 1,월,4,6,12:00,15:00,조1-B103
전공,도자리빙디자인 1,화,7,9,15:00,18:00,조1-B103
전공,주얼리디자인 1,화,4,6,12:00,15:00,조2-202
전공,금속리빙디자인 1,목,7,9,15:00,18:00,조2-202
전공,산업금속프로세스 1,월,4,6,12:00,15:00,조2-202
전공,디지털세라믹프로세스1,목,4,6,12:00,15:00,조1-B103
전공,디지털써피스디자인 1,월,7,9,15:00,18:00,조2-301
전공,아트패브릭1,수,7,9,15:00,18:00,조2-601
전공,니트디자인프로세스,화,4,6,12:00,15:00,조2-308
전공,테이블웨어프로젝트 1,금,4,6,12:00,15:00,난105
전공,텍스타일프로덕트디자인 1,금,4,6,12:00,15:00,조2-509
전공,테이블웨어디자인 1,화,4,6,12:00,15:00,난105
전공,공간장식도자 1,목,7,9,15:00,18:00,조1-B201
전공,상품개발 및 마케팅 1,화,4,6,12:00,15:00,조2-301
전공,금속리빙디자인 3,월,7,9,15:00,18:00,조2-201
전공,아트주얼리 1,화,7,9,15:00,18:00,조2-201
전공,세라믹프로덕트 디자인 1,월,4,6,12:00,15:00,조1-B201
전공,텍스타일디자인기획 1,수,4,6,12:00,15:00,조2-601
전공,금속프로덕트기획 1,수,7,9,15:00,18:00,조2-301
전공,산업디자인기초,월,7,9,15:00,18:00,조2-503
전공,산업디자인기초,수,7,9,15:00,18:00,조2-503
전공,산업디자인기초,금,4,6,12:00,15:00,조2-504
전공,산업디자인기초,목,1,3,09:00,12:00,난301
전공,시각디자인,화,4,6,12:00,15:00,"수222,조2-503"
전공,시각디자인,목,7,9,15:00,18:00,조2-503
전공,시각디자인,목,4,6,12:00,15:00,조2-412
전공,시각디자인,화,7,9,15:00,18:00,조2-503
전공,기초디자인1,화,7,9,15:00,18:00,조2-413
전공,기초디자인1,화,1,3,09:00,12:00,조2-412
전공,AI 창작실습,월,4,6,12:00,15:00,조2-502
전공,AI 창작실습,화,4,6,12:00,15:00,조2-502
전공,AI 창작실습,월,7,9,15:00,18:00,조2-502
전공,디자인입문,수,4,6,12:00,15:00,난504
전공,타이포그래피 1,월,1,3,09:00,12:00,조2-408
전공,타이포그래피 1,수,7,9,15:00,18:00,난602
전공,타이포그래피 1,화,1,3,09:00,12:00,조2-413
전공,타이포그래피 1,수,1,3,09:00,12:00,난602
전공,초급 공간디자인실습,수,1,3,09:00,12:00,조2-412
전공,초급 공간디자인실습,목,1,3,09:00,12:00,조2-408
전공,타임베이스 그래픽,월,4,6,12:00,15:00,조2-401
전공,타임베이스 그래픽,월,7,9,15:00,18:00,조2-401
전공,타임베이스 그래픽,화,4,6,12:00,15:00,조2-401
전공,타임베이스 그래픽,화,7,9,15:00,18:00,조2-401
전공,커뮤니케이션디자인,금,1,3,09:00,12:00,조2-502
전공,커뮤니케이션디자인,화,4,6,12:00,15:00,조2-412
전공,커뮤니케이션디자인,화,7,9,15:00,18:00,조2-502
전공,커뮤니케이션디자인,목,7,9,15:00,18:00,조2-504
전공,모션그래픽 워크샵 1,목,1,3,09:00,12:00,조2-401
전공,중급 공간디자인실습 1,수,7,9,15:00,18:00,조2-504
전공,인테리어디자인,수,4,6,12:00,15:00,조2-502
전공,사용자경험디자인,화,4,6,12:00,15:00,조2-504
전공,AI와 정보기반디자인,수,1,3,09:00,12:00,수222
전공,브랜딩1,월,4,6,12:00,15:00,조2-412
전공,브랜딩1,목,7,9,15:00,18:00,조2-502
전공,스토리텔링디자인,목,4,6,12:00,15:00,조2-502
전공,편집디자인,월,4,6,12:00,15:00,조2-408
전공,편집디자인,화,4,6,12:00,15:00,조2-413
전공,디지털이미징 1,수,7,9,15:00,18:00,난301
전공,3D프린팅,수,7,9,15:00,18:00,조2-401
전공,디자인실무와 커뮤니케이션,화,7,9,15:00,18:00,조2-412
전공,디자인씽킹스튜디오 1,금,7,9,15:00,18:00,조2-412
전공,시각디자인스튜디오 1,금,4,6,12:00,15:00,조2-408
전공,시각디자인스튜디오 1,수,4,6,12:00,15:00,난602
전공,시각디자인스튜디오 1,월,7,9,15:00,18:00,조2-408
전공,미디어디자인프로젝트 1,월,1,3,09:00,12:00,조2-401
전공,정보경험디자인스튜디오 1,월,1,3,09:00,12:00,조2-503
전공,캡스톤디자인과 창업,화,4,6,12:00,15:00,난701
전공,공간디자인스튜디오 1,수,7,9,15:00,18:00,조2-502
전공,AI 디자인스튜디오 1,월,4,6,12:00,15:00,조2-503
전공,AI 디자인스튜디오 1,목,1,3,09:00,12:00,조2-503
전공,디자인브릿지,금,1,3,09:00,12:00,조2-504
전공,모션그래픽스스튜디오 1,목,4,6,12:00,15:00,조2-401
전공,모션그래픽스스튜디오 1,목,7,9,15:00,18:00,조2-401
전공,커뮤니케이션디자인 프로젝트,화,7,9,15:00,18:00,성301
전공,이탈리아어딕션,목,4,5,12:00,14:00,성408
전공,학내연주 1,화,4,5,12:00,14:00,"수415,수420"
전공,합창 1,월,8,9,16:00,18:00,수420
전공,시창.청음 1,목,2,3,10:00,12:00,성408
전공,클래스피아노 1,화,2,3,10:00,12:00,음209
전공,성악 세미나 1,수,4,5,12:00,14:00,수415
전공,독일예술가곡,목,5,6,13:00,15:00,음301
전공,학내연주 3,화,4,5,12:00,14:00,"수415,수420"
전공,합창 3,월,8,9,16:00,18:00,수420
전공,클래스피아노 3,목,2,3,10:00,12:00,음209
전공,화성법1,수,4,5,12:00,14:00,조2-207
전공,성악 인턴십 1,월,6,7,14:00,16:00,조2-311
전공,동작기법과 호흡기법,화,6,7,14:00,16:00,성408
전공,프랑스예술가곡,수,4,5,12:00,14:00,음301
전공,성악문헌 1,목,4,5,12:00,14:00,음103
전공,학내연주 5,화,4,5,12:00,14:00,"수415,수420"
전공,합창 5,월,8,9,16:00,18:00,수420
전공,성악앙상블,수,6,7,14:00,16:00,음301
전공,고음악의 이해,월,5,6,13:00,15:00,성408
전공,합창지휘 1,금,8,9,16:00,18:00,성408
전공,합창 7,월,8,9,16:00,18:00,수420
전공,오페라워크샵 1,수,7,8,15:00,17:00,성408
전공,근.현대독일가곡,목,6,7,14:00,16:00,성408
전공,음악코칭,화,6,7,14:00,16:00,수415
전공,학내연주 1,목,6,7,14:00,16:00,수420
전공,학내연주 1,목,2,3,10:00,12:00,수420
전공,시창.청음 1,월,4,5,12:00,14:00,성407
전공,시창.청음 1,수,4,5,12:00,14:00,성407
전공,관악합주 1,월,4,5,12:00,14:00,성404
전공,현악합주 1,수,6,7,14:00,16:00,성404
전공,합주 1,월,6,7,14:00,16:00,성404
전공,합주 1,목,6,7,14:00,16:00,성404
전공,건반화성 1,수,5,6,13:00,15:00,음103
전공,낭만화성,화,6,7,14:00,16:00,음301
전공,반주실습,목,4,5,12:00,14:00,성407
전공,피아노를 위한 대위법 1,금,6,7,14:00,16:00,조2-207
전공,학내연주 3,목,6,7,14:00,16:00,수420
전공,학내연주 3,목,2,3,10:00,12:00,수420
전공,관현악을 위한 대위법 1,금,4,5,12:00,14:00,조2-207
전공,관악합주 3,월,4,5,12:00,14:00,nan
전공,현악합주 3,수,6,7,14:00,16:00,성404
전공,합주 3,월,6,7,14:00,16:00,성404
전공,합주 3,목,6,7,14:00,16:00,성404
전공,시창.청음 3,월,6,7,14:00,16:00,음301
전공,시창.청음 3,월,8,9,16:00,18:00,음301
전공,실내악 1,화,4,6,12:00,15:00,음208a
전공,실내악 1,화,4,6,12:00,15:00,성404
전공,화성 및 이론 3(편곡),수,4,5,12:00,14:00,음204
전공,국악개론,수,5,6,13:00,15:00,성406
전공,지휘법 1,수,6,7,14:00,16:00,수430
전공,반주법 1,화,6,7,14:00,16:00,성407
전공,전자음악 1,화,2,3,10:00,12:00,조2-311
전공,학내연주 5,목,6,7,14:00,16:00,수420
전공,학내연주 5,목,2,3,10:00,12:00,수420
전공,관악합주 5,수,8,9,16:00,18:00,성404
전공,현악합주 5,수,4,5,12:00,14:00,성404
전공,피아노문헌 1,목,2,4,10:00,13:00,음301
전공,합주 5,월,8,9,16:00,18:00,성404
전공,합주 5,금,8,9,16:00,18:00,성404
전공,실내악 3,목,4,6,12:00,15:00,음404
전공,실내악 3,화,7,9,15:00,18:00,성404
전공,음악분석 1,수,8,9,16:00,18:00,음204
전공,클래스인스트루먼트 1,금,4,6,12:00,15:00,음304
전공,클래스인스트루먼트 1,화,4,6,12:00,15:00,음304
전공,20세기피아노문헌,목,2,3,10:00,12:00,성407
전공,악기수리법 1,화,1,3,09:00,12:00,음301
전공,악기수리법 1,화,2,4,10:00,13:00,조2-102
전공,피아노 및 관현악 교수법 1,화,4,5,12:00,14:00,성407
전공,피아노 및 관현악 교수법 1,수,6,7,14:00,16:00,수415
전공,합주 7,월,8,9,16:00,18:00,성404
전공,합주 7,금,8,9,16:00,18:00,성404
전공,관악합주 7,수,8,9,16:00,18:00,nan
전공,현악합주 7,수,4,5,12:00,14:00,성404
전공,피아노앙상블 2,금,4,6,12:00,15:00,성407
전공,피아노워크숍 1,화,2,3,10:00,12:00,성407
전공,창작실내악 1,금,4,6,12:00,15:00,성404
전공,근현대화성 1,수,7,8,15:00,17:00,조2-207
전공,서양음악사및문헌 1,월,1,3,09:00,12:00,난504
전공,다성음악 1,화,2,3,10:00,12:00,조2-207
전공,창작연주 1,금,7,8,15:00,17:00,수420
전공,악기론 1,목,7,8,15:00,17:00,음209
전공,컴퓨터ㆍ전자음악 1,수,4,5,12:00,14:00,조2-311
전공,음악분석 1,화,5,6,13:00,15:00,음209
전공,초급화성 및 이론 1,화,7,8,15:00,17:00,조2-207
전공,초급화성 및 이론 1,화,5,6,13:00,15:00,조2-207
전공,클래스 피아노 1,금,1,3,09:00,12:00,음501
전공,창작연주 3,금,7,8,15:00,17:00,수420
전공,악기론 3,목,5,6,13:00,15:00,음209
전공,서양음악사및문헌 3,금,1,3,09:00,12:00,난807
전공,화성 및 실습 1,화,5,7,13:00,16:00,성406
전공,고급재즈화성학 1,목,2,3,10:00,12:00,음103
전공,가창곡작곡법 및 실습 1,월,6,7,14:00,16:00,성406
전공,음악치료학,월,1,3,09:00,12:00,조2-207
전공,음악극의 역사와 문헌,월,8,9,16:00,18:00,성406
전공,음악분석 3,화,5,6,13:00,15:00,음103
전공,창작연주 5,금,7,8,15:00,17:00,수420
전공,20세기음악 1,목,6,7,14:00,16:00,음204
전공,음악학,수,7,9,15:00,18:00,성406
전공,음악과 사회,수,4,6,12:00,15:00,음209
전공,음악교육론,수,2,3,10:00,12:00,수415
전공,재즈건반실습 1,목,4,5,12:00,14:00,음201
전공,몰입형 미디어아트를 위한 사운드 디자인1,화,8,9,16:00,18:00,조2-311
전공,뮤지컬 워크숍 1,월,3,5,11:00,14:00,수415
전공,음악경영 1,화,2,3,10:00,12:00,음204
전공,오케스트라 편곡 1,목,5,6,13:00,15:00,성406
전공,한국어교육개론,화,4,6,12:00,15:00,운캠C 209
전공,현대한국사회,월,7,9,15:00,18:00,성701
전공,디지털 미디어 리터러시,화,4,6,12:00,15:00,성705
전공,한국어발음교육론,수,7,9,15:00,18:00,운캠B 529
전공,기초 메이크업,수,7,9,15:00,18:00,운캠P 604
전공,기초 메이크업,수,4,6,12:00,15:00,운캠P 604
전공,기초 메이크업,금,1,3,09:00,12:00,운캠P 604
전공,살롱메이크업,수,4,6,12:00,15:00,운캠P 607
전공,기초 에스테틱,목,1,3,09:00,12:00,운캠P 603
전공,기초 에스테틱,목,7,9,15:00,18:00,운캠P 603
전공,일러스트레이션Ⅱ,목,4,6,12:00,15:00,운캠B 531
전공,국어학의이해,월,4,6,12:00,15:00,수327
전공,K—문학의 번역과 세계화,화,4,6,12:00,15:00,성821
전공,국어형태론연구,목,4,6,12:00,15:00,성821
전공,국문학의이해,화,4,6,12:00,15:00,수205
전공,한국어사연구,월,1,3,09:00,12:00,성818
전공,한국어교육과정론연구,화,7,9,15:00,18:00,성815
전공,한국어이해교육론연구,월,7,9,15:00,18:00,성815
전공,한국어교육실습1,금,1,3,09:00,12:00,성814
전공,실험통사론,월,4,6,12:00,15:00,성822
전공,영어통사론 1,화,7,9,15:00,18:00,성814
전공,현대일본문화연구,월,4,6,12:00,15:00,성814
전공,한문학비평론,화,7,9,15:00,18:00,성801
전공,"실학고전특강1,2",수,4,6,12:00,15:00,성814
전공,시각예술론,수,4,6,12:00,15:00,난302
전공,20세기미술연습Ⅰ,월,7,9,15:00,18:00,성821
전공,미술사강독Ⅰ,수,7,9,15:00,18:00,성820
전공,동아시아현대미술사,화,7,9,15:00,18:00,성802
전공,예술사회학,월,4,6,12:00,15:00,성821
전공,근로단체론,수,10,12,18:00,,성801
전공,행정법일반이론,월,10,12,18:00,,성802
전공,사회과학 연구를 위한 기초 머신러닝,화,7,9,15:00,18:00,성822
전공,심리치료,목,4,6,12:00,15:00,성819
전공,성격심리학,화,7,9,15:00,18:00,성213
전공,고급심리통계,수,7,9,15:00,18:00,성818
전공,정신병리학,수,4,6,12:00,15:00,성821
전공,인지치료,월,4,6,12:00,15:00,성815
전공,임상현장실습,목,1,3,09:00,12:00,성801
전공,임상현장실습,화,10,12,18:00,,성820
전공,임상현장실습,수,1,3,09:00,12:00,성801
전공,사회심리학연구방법론,금,4,6,12:00,15:00,성814
전공,상담및심리치료의이론과실제,금,1,3,09:00,12:00,성820
전공,심리측정세미나,목,7,9,15:00,18:00,성819
전공,지리학과불평등,화,7,9,15:00,18:00,성713
전공,도시관리,화,1,3,09:00,12:00,수B-612
전공,글로벌 비즈니스의 이해,화,7,9,15:00,18:00,성212
전공,조직행동론,화,4,6,12:00,15:00,성704
전공,마케팅원론,월,4,6,12:00,15:00,성302
전공,조직행위론세미나,목,4,6,12:00,15:00,성813
전공,재무회계연구,월,7,9,15:00,18:00,성813
전공,마케팅전략연구,화,4,6,12:00,15:00,성819
전공,교육철학,화,7,9,15:00,18:00,수204-1
전공,연구방법론,목,7,8,15:00,17:00,nan
전공,연구방법론,목,7,9,15:00,18:00,nan
전공,연구방법론,목,8,9,16:00,18:00,nan
전공,교육공학의최근동향과쟁점,수,10,12,18:00,,성822
전공,성인계속교육과고등교육,월,10,12,18:00,,성822
전공,평생교육,화,4,6,12:00,15:00,수405
전공,동기와 정서 기반 학습 코칭,수,10,12,18:00,,nan
전공,상담이론과 실제,월,10,12,18:00,,nan
전공,학업상담,목,10,12,18:00,,nan
전공,유아교육질적연구법II,화,7,9,15:00,18:00,성819
전공,유아교육개론,목,4,6,12:00,15:00,수408
전공,현대유아교육동향,화,7,9,15:00,18:00,성816
전공,유아놀이연구,화,10,12,18:00,,성816
전공,아동과 생태문화,화,10,12,18:00,,성819
전공,유아의사회정서발달과교육세미나,목,7,9,15:00,18:00,성814
전공,세계유아교육비교세미나,목,10,12,18:00,,성814
전공,4차산업과 소비자주권,토,1,3,09:00,12:00,운캠B 230
전공,소비자문제특론,수,7,9,15:00,18:00,운캠B 230
전공,컴퓨터 프로그램 실습 및 활용,토,10,12,18:00,,운캠B 229
전공,조사보고서 분석 및 실습,토,7,9,15:00,18:00,운캠B 230
전공,인공지능(AI)과 소비자,수,4,6,12:00,15:00,운캠B 230
전공,에너지와 소비자,토,4,6,12:00,15:00,운캠B 230
전공,문화상품과 서비스전략,토,7,9,15:00,18:00,운캠B 231
전공,생활문화콘텐츠연구,토,4,6,12:00,15:00,운캠B 231
전공,측정도구와 사회복지연구,수,4,6,12:00,15:00,운캠B 331
전공,청소년복지특론,수,7,9,15:00,18:00,운캠B 331
전공,미디어 산업론,금,10,12,18:00,,성819
전공,한류와 K-컬처,금,4,6,12:00,15:00,성819
전공,데이터 기반 PR 기획,월,4,6,12:00,15:00,난505
전공,저널리즘 연구,금,7,9,15:00,18:00,성819
전공,미디어 플랫폼 세미나,금,1,3,09:00,12:00,성819
전공,미디어 데이터 분석,화,4,6,12:00,15:00,수223
전공,대수학특강1,수,4,6,12:00,15:00,성816
전공,박사논문연구 3,월,7,9,15:00,18:00,nan
전공,유기금속화학,월,1,3,09:00,12:00,운캠B 333
전공,전공실험연구1,목,7,9,15:00,18:00,nan
전공,고체화학,화,1,3,09:00,12:00,운캠B 333
전공,박사논문연구3,목,4,6,12:00,15:00,운캠B 332
전공,조직학특론,화,1,3,09:00,12:00,운캠B 332
전공,분화발생조절론,화,10,12,18:00,,운캠B 332
전공,대학원논문연구2,월,4,6,12:00,15:00,운캠B 332
전공,진화발생학,화,4,6,12:00,15:00,운캠B 332
전공,생식의학특론,수,10,12,18:00,,성819
전공,회귀분석,화,1,3,09:00,12:00,성819
전공,선형모형,월,4,6,12:00,15:00,성818
전공,통계상담,목,1,3,09:00,12:00,성815
전공,혁신적 패션디자인 사고,목,4,6,12:00,15:00,운캠B 645
전공,서양복식문화 콘텐츠 연구,금,7,9,15:00,18:00,운캠B 534
전공,복식색채연구특론,수,4,6,12:00,15:00,운캠B 333
전공,패션마케팅연구,목,7,9,15:00,18:00,운캠B 647
전공,전통기법과한복연구,금,4,6,12:00,15:00,운캠B 427
전공,패션과이미지메이킹,수,7,9,15:00,18:00,운캠B 333
전공,서양복식사특론,금,1,3,09:00,12:00,운캠B 645
전공,식품가공학연구,수,10,12,18:00,,운캠B 333
전공,자료분석및통계,목,10,12,18:00,,운캠B-109
전공,생애주기영양연구,화,10,12,18:00,,운캠B 333
전공,간호이론과분석,금,1,3,09:00,12:00,운캠B 333
전공,간호통계학,금,5,7,13:00,16:00,운캠B-108
전공,만성질환관리,금,8,10,16:00,19:00,운캠B 334
전공,간호시뮬레이션,금,5,7,13:00,16:00,운캠B 334
전공,간호이론개발,금,1,3,09:00,12:00,운캠B 334
전공,상급통계학,금,8,10,16:00,19:00,운캠B 333
전공,노인질환관리실습2,토,1,3,09:00,12:00,운캠B 334
전공,분석기기특론,화,4,6,12:00,15:00,운캠B 333
전공,미생물효소학,수,1,3,09:00,12:00,운캠B 332
전공,고체소자:센서개론,화,7,9,15:00,18:00,운캠B 333
전공,에너지나노화학특론,수,7,9,15:00,18:00,운캠C 307
전공,연료전지와 수소사회,수,4,6,12:00,15:00,운캠B 332
전공,향미 R&D 특론,수,10,12,18:00,,운캠C 307
전공,식품탄수화물특론,화,10,12,18:00,,운캠B 334
전공,미래응용과학세미나 I,목,7,9,15:00,18:00,운캠C 205
전공,생화학특론,화,7,9,15:00,18:00,운캠B 334
전공,고급논문연구2,수,7,9,15:00,18:00,운캠B 332
전공,네트워크시스템,월,1,3,09:00,12:00,성814
전공,컴퓨터 그래픽스 특강,월,7,9,15:00,18:00,성819
전공,AI 활용 디자인,목,7,9,15:00,18:00,프409
전공,고급기계학습,금,4,6,12:00,15:00,수207
전공,AI 디자인 방법론,목,4,6,12:00,15:00,프409
전공,AI 융합특강 1,수,7,9,15:00,18:00,성813
전공,박사논문연구 3,금,4,6,12:00,15:00,프410
전공,보안컨설팅,월,10,12,18:00,,프601
전공,융합기술세미나,토,4,6,12:00,15:00,프601
전공,AI 서비스 리서치,화,4,6,12:00,15:00,프410
전공,정보보호기술개론,화,10,12,18:00,,nan
전공,클라우드보안,목,10,12,18:00,,프508
전공,박사논문연구 5,금,4,6,12:00,15:00,nan
전공,박사논문연구 6,금,7,9,15:00,18:00,nan
전공,아키텍처보안,목,4,6,12:00,15:00,프601
전공,디지털통신시스템,수,7,9,15:00,18:00,프508
전공,융합보안 포렌식,월,4,6,12:00,15:00,난604
전공,비교비평논술연구1,월,7,9,15:00,18:00,성814
전공,비교비평논술연구2,수,1,3,09:00,12:00,조1-409
전공,작품비교분석비평연구1,화,7,9,15:00,18:00,성712
전공,현대미술실습2,월,1,3,09:00,12:00,조1-409
전공,현대미술실습4,월,4,6,12:00,15:00,조1-409
전공,예술적 연구: 예술 방법론3,목,1,3,09:00,12:00,조1-503
전공,작품연구세미나3,수,7,9,15:00,18:00,조1-503
전공,작품분석연구3,수,4,6,12:00,15:00,"성802,조1-703-1"
전공,작품분석연구3,금,10,12,18:00,,"성802,조1-703-1"
전공,작품연구세미나2,목,7,9,15:00,18:00,성801
전공,작품연구세미나3,수,7,9,15:00,18:00,성822
전공,연구논문설정세미나2,월,7,9,15:00,18:00,성820
전공,연구논문설정세미나3,화,7,9,15:00,18:00,성820
전공,작품연구세미나1,금,7,9,15:00,18:00,조1-311
전공,고급디자인스튜디오4,화,7,9,15:00,18:00,조2-408
전공,전공세미나4,금,1,3,09:00,12:00,조2-408
전공,디자인과 커뮤니케이션,금,7,9,15:00,18:00,조2-504
전공,예술과사회1,수,1,3,09:00,12:00,성813
전공,전공실기1,월,4,6,12:00,15:00,조1-416
전공,전공실기2,금,7,9,15:00,18:00,조1-416
전공,전공실기3,금,4,6,12:00,15:00,조1-416
전공,한국미술론,월,1,3,09:00,12:00,성819
전공,미술창작1,월,10,12,18:00,,조1-708
전공,현대미술연구1,화,4,6,12:00,15:00,조1-708
전공,회화연구1,수,10,12,18:00,,조1-708
전공,미술연구1,화,7,9,15:00,18:00,조1-708
전공,현대미술사1,목,4,6,12:00,15:00,성802
전공,서양근세미술과 문화,월,4,6,12:00,15:00,난807
전공,기초회화2,화,4,6,12:00,15:00,조1-704
전공,미술비평사1,수,7,9,15:00,18:00,성802
전공,전공실기1,수,4,5,12:00,14:00,성822
전공,전공실기1,목,4,5,12:00,14:00,성822
전공,전공실기3,월,1,3,09:00,12:00,성820
전공,전공실기3,수,2,4,10:00,13:00,성820
전공,전공실기3,목,4,6,12:00,15:00,성801
전공,현대조형론,목,7,9,15:00,18:00,성818
전공,논문세미나,월,4,6,12:00,15:00,성820
전공,공예와문화,금,2,4,10:00,13:00,성818
전공,섬유전공실기 3,목,4,6,12:00,15:00,조2-601
전공,도자전공실기 3,목,4,6,12:00,15:00,난202
전공,도자전공실기 1,목,2,5,10:00,14:00,조1-B101
전공,금속전공실기 3,수,7,9,15:00,18:00,조2-205
전공,금속전공실기 1,월,4,6,12:00,15:00,조2-203
전공,공예론,월,7,9,15:00,18:00,성818
전공,MultipleArt3,화,10,12,18:00,,운캠P 716
전공,MultipleArt4,월,7,9,15:00,18:00,조1-311
전공,전시기획세미나,월,10,12,18:00,,조1-311
전공,연주3,수,8,9,16:00,18:00,수420
전공,연주4,수,8,9,16:00,18:00,수420
전공,연주1,수,8,9,16:00,18:00,수420
전공,코칭1,화,4,5,12:00,14:00,성408
전공,연주2,수,8,9,16:00,18:00,수420
전공,액팅 테크닉,수,4,5,12:00,14:00,성408
전공,연주5,수,8,9,16:00,18:00,수420
전공,성악기법,목,2,4,10:00,13:00,성406
전공,성악문헌,화,7,9,15:00,18:00,음209
전공,전공실기1,토,1,3,09:00,12:00,nan
전공,전공실기1,토,1,3,09:00,12:00,nan
전공,전공실기1,토,1,3,09:00,12:00,nan
전공,전공실기2,토,1,3,09:00,12:00,nan
전공,전공실기2,토,1,3,09:00,12:00,nan
전공,전공실기3,토,1,3,09:00,12:00,nan
전공,전공실기3,토,1,3,09:00,12:00,nan
전공,전공실기4및졸업연주,토,1,3,09:00,12:00,nan
전공,전공실기4및졸업연주,토,1,3,09:00,12:00,nan
전공,전공실기4및졸업연주,토,1,3,09:00,12:00,nan
전공,전공실기4및졸업연주,토,1,3,09:00,12:00,nan
전공,박사전공실기1,토,1,3,09:00,12:00,nan
전공,박사전공실기1,토,1,3,09:00,12:00,nan
전공,박사전공실기2,토,1,3,09:00,12:00,nan
전공,박사전공실기2,토,1,3,09:00,12:00,nan
전공,박사전공실기2,토,1,3,09:00,12:00,nan
전공,박사전공실기2,토,1,3,09:00,12:00,nan
전공,박사전공실기3,토,1,3,09:00,12:00,nan
전공,박사전공실기3,토,1,3,09:00,12:00,nan
전공,박사전공실기3,토,1,3,09:00,12:00,nan
전공,박사전공실기3,토,1,3,09:00,12:00,nan
전공,박사전공실기3,토,1,3,09:00,12:00,nan
전공,박사전공실기4및졸업연주,토,1,3,09:00,12:00,nan
전공,고급건반화성학,수,7,9,15:00,18:00,성407
전공,초기건반음악문헌,수,1,3,09:00,12:00,성407
전공,공연예술기획,월,4,6,12:00,15:00,성802
전공,연주1,수,5,6,13:00,15:00,수420
전공,연주1,목,4,5,12:00,14:00,수420
전공,연주2,수,5,6,13:00,15:00,수420
전공,연주2,목,4,5,12:00,14:00,수420
전공,연주3,수,5,6,13:00,15:00,수420
전공,연주3,목,4,5,12:00,14:00,수420
전공,연주4,수,5,6,13:00,15:00,수420
전공,연주4,목,4,5,12:00,14:00,수420
전공,음악연구방법론,월,7,9,15:00,18:00,성822
전공,음악문헌세미나,화,2,4,10:00,13:00,성813
전공,논문작성법,월,7,9,15:00,18:00,성802
전공,낭만음악사및문헌,화,5,7,13:00,16:00,성813
전공,전공실기1,토,1,3,09:00,12:00,nan
전공,전공실기1,토,1,3,09:00,12:00,nan
전공,전공실기1,토,1,3,09:00,12:00,nan
전공,전공실기1,토,1,3,09:00,12:00,nan
전공,전공실기2,토,1,3,09:00,12:00,nan
전공,전공실기2,토,1,3,09:00,12:00,nan
전공,전공실기2,토,1,3,09:00,12:00,nan
전공,전공실기2,토,1,3,09:00,12:00,nan
전공,전공실기2,토,1,3,09:00,12:00,nan
전공,전공실기3,토,1,3,09:00,12:00,nan
전공,전공실기3,토,1,3,09:00,12:00,nan
전공,전공실기3,토,1,3,09:00,12:00,nan
전공,전공실기3,토,1,3,09:00,12:00,nan
전공,전공실기3,토,1,3,09:00,12:00,nan
전공,전공실기3,토,1,3,09:00,12:00,nan
전공,전공실기4및졸업연주,토,1,3,09:00,12:00,nan
전공,전공실기4및졸업연주,토,1,3,09:00,12:00,nan
전공,바로크관현악음악연주및연구,목,6,8,14:00,17:00,성816
전공,전공실기1,토,1,3,09:00,12:00,nan
전공,전공실기1,토,1,3,09:00,12:00,nan
전공,전공실기2,토,1,3,09:00,12:00,nan
전공,전공실기3,토,1,3,09:00,12:00,nan
전공,전공실기3,토,1,3,09:00,12:00,nan
전공,전공실기3,토,1,3,09:00,12:00,nan
전공,전공실기4,토,1,3,09:00,12:00,nan
전공,전공실기3,토,1,3,09:00,12:00,nan
전공,연주1,화,8,9,16:00,18:00,수420
전공,연주3,화,8,9,16:00,18:00,수420
전공,연주4,화,8,9,16:00,18:00,수420
전공,연주2,화,8,9,16:00,18:00,수420
전공,기악문헌세미나,목,6,8,14:00,17:00,성708
전공,전공실기1,토,1,3,09:00,12:00,nan
전공,전공실기2,토,1,3,09:00,12:00,nan
전공,전공실기2,토,1,3,09:00,12:00,nan
전공,전공실기3,토,1,3,09:00,12:00,nan
전공,전공실기3,토,1,3,09:00,12:00,nan
전공,전공실기3,토,1,3,09:00,12:00,nan
전공,전공실기3,토,1,3,09:00,12:00,nan
전공,전공실기3,토,1,3,09:00,12:00,nan
전공,전공실기4,토,1,3,09:00,12:00,nan
전공,전공실기4,토,1,3,09:00,12:00,nan
전공,전공실기4,토,1,3,09:00,12:00,nan
전공,전공실기4,토,1,3,09:00,12:00,nan
전공,전공이론2,토,1,3,09:00,12:00,nan
전공,공연비평세미나3,화,2,3,10:00,12:00,성821
전공,공연비평세미나2,화,2,3,10:00,12:00,성821
전공,공연비평세미나4,화,2,3,10:00,12:00,성821
전공,전공이론2,토,1,3,09:00,12:00,nan
전공,전공이론4,토,1,3,09:00,12:00,nan
전공,전공이론4,토,1,3,09:00,12:00,nan
전공,음악학 세미나,월,5,7,13:00,16:00,성801
전공,분석방법론,금,4,6,12:00,15:00,성813
전공,레파토와클래스,월,6,8,14:00,17:00,성708
전공,"시창,청음1",월,4,5,12:00,14:00,성407
전공,협주곡문헌,목,2,4,10:00,13:00,성708
전공,연주1,수,2,3,10:00,12:00,수420
전공,연주2,수,2,3,10:00,12:00,수420
전공,연주3,수,2,3,10:00,12:00,수420
전공,연주4,수,2,3,10:00,12:00,수420
전공,반주법세미나,수,5,7,13:00,16:00,성708
전공,예술가곡문헌,금,5,6,13:00,15:00,성708
전공,예술가곡문헌,금,5,7,13:00,16:00,성708
전공,예술가곡문헌,금,6,7,14:00,16:00,성708
전공,반주학개론,화,2,4,10:00,13:00,성708
전공,전공실기1,토,1,3,09:00,12:00,nan
전공,전공실기1,토,1,3,09:00,12:00,nan
전공,전공실기1,토,1,3,09:00,12:00,nan
전공,전공실기1,토,1,3,09:00,12:00,nan
전공,전공실기1,토,1,3,09:00,12:00,nan
전공,전공실기1,토,1,3,09:00,12:00,nan
전공,전공실기1,토,1,3,09:00,12:00,nan
전공,전공실기1,토,1,3,09:00,12:00,nan
전공,전공실기1,토,1,3,09:00,12:00,nan
전공,전공실기1,토,1,3,09:00,12:00,nan
전공,전공실기2,토,1,3,09:00,12:00,nan
전공,전공실기2,토,1,3,09:00,12:00,nan
전공,전공실기2,토,1,3,09:00,12:00,nan
전공,전공실기2,토,1,3,09:00,12:00,nan
전공,전공실기2,토,1,3,09:00,12:00,nan
전공,전공실기2,토,1,3,09:00,12:00,nan
전공,전공실기3,토,1,3,09:00,12:00,nan
전공,전공실기3,토,1,3,09:00,12:00,nan
전공,전공실기3,토,1,3,09:00,12:00,nan
전공,전공실기3,토,1,3,09:00,12:00,nan
전공,전공실기3,토,1,3,09:00,12:00,nan
전공,전공실기3,토,1,3,09:00,12:00,nan
전공,전공실기4및졸업연주,토,1,3,09:00,12:00,nan
전공,전공실기4및졸업연주,토,1,3,09:00,12:00,nan
전공,전공실기4및졸업연주,토,1,3,09:00,12:00,nan
전공,전공실기4및졸업연주,토,1,3,09:00,12:00,nan
전공,전공실기4및졸업연주,토,1,3,09:00,12:00,nan
전공,전공실기4및졸업연주,토,1,3,09:00,12:00,nan
전공,전공실기4및졸업연주,토,1,3,09:00,12:00,nan
전공,전공실기4및졸업연주,토,1,3,09:00,12:00,nan
전공,전공실기4및졸업연주,토,1,3,09:00,12:00,nan
전공,전공실기4및졸업연주,토,1,3,09:00,12:00,nan
전공,전공실기4및졸업연주,토,1,3,09:00,12:00,nan
전공,전공실기4및졸업연주,토,1,3,09:00,12:00,nan
전공,전공실기4및졸업연주,토,1,3,09:00,12:00,nan
전공,전공실기4및졸업연주,토,1,3,09:00,12:00,nan
전공,체육통계학연구,수,7,9,15:00,18:00,수223-1
전공,패시브스트레칭과마사지,토,5,7,13:00,16:00,프701
전공,근육 불균형 평가 및 운동재활,금,10,12,18:00,,프701
전공,근막경선기반 비니재활요가,토,2,4,10:00,13:00,프701
전공,운동재활개론,화,1,3,09:00,12:00,성704
전공,근관절 기능해부학,화,7,9,15:00,18:00,성701
전공,병태생리학,목,4,6,12:00,15:00,성701
전공,운동손상학,목,7,9,15:00,18:00,난702
전공,운동과학실험법,화,7,9,15:00,18:00,성821
전공,화장품소비자트랜드분석,토,1,3,09:00,12:00,운캠B-106
전공,화장품 광고와 마케팅,토,7,9,15:00,18:00,운캠B 334
전공,뷰티산업연구세미나 Ⅰ,금,4,6,12:00,15:00,운캠B 332
전공,쇼 메이크업 분석 세미나,수,4,6,12:00,15:00,운캠B 334
전공,메이크업 질감연구 세미나,금,1,3,09:00,12:00,운캠P 607
전공,특수효과분장 특론,금,4,6,12:00,15:00,운캠P 607
전공,동서양 뷰티 문화사 연구,토,4,6,12:00,15:00,운캠B 333
전공,뷰티 고객 심리연구,수,7,9,15:00,18:00,운캠B 334
전공,메디컬 뷰티 케어 세미나,토,7,9,15:00,18:00,운캠B 333
전공,뷰티 상담론,금,7,9,15:00,18:00,운캠B 332
전공,뷰티 컨슈머 세미나,토,1,3,09:00,12:00,운캠B 529
전공,기능성화장품학연구,토,4,6,12:00,15:00,운캠C 206
전공,미용학개론,수,4,6,12:00,15:00,운캠C 208
전공,기초메이크업,월,7,9,15:00,18:00,운캠P 604
전공,기초메이크업,화,1,3,09:00,12:00,운캠P 604
전공,즉흥음악치료2,목,4,5,12:00,14:00,성709
전공,즉흥음악치료2,목,4,6,12:00,15:00,성709
전공,즉흥음악치료2,목,5,6,13:00,15:00,성709
전공,음악치료와 과학,화,4,6,12:00,15:00,성818
전공,집단음악치료,화,7,9,15:00,18:00,성818
전공,음악치료학개론,수,1,3,09:00,12:00,운캠C 739
전공,이상심리학,화,1,3,09:00,12:00,성211
전공,음악치료기술,화,4,6,12:00,15:00,성709
전공,아동을위한음악치료,목,1,3,09:00,12:00,성821
전공,실습1,토,1,2,09:00,11:00,nan
전공,실습1,토,2,3,10:00,12:00,nan
전공,실습2,토,1,2,09:00,11:00,nan
전공,실습2,토,2,3,10:00,12:00,nan
전공,음악치료인턴쉽,수,11,13,19:00,,성709
전공,음악심리치료,화,10,12,18:00,,성818
전공,음악신경과학,화,1,3,09:00,12:00,성818
전공,근대 동아시아 문화 교류,수,4,6,12:00,15:00,성815
전공,International Seminar: Korean and Global Affairs,금,7,9,15:00,18:00,성601
전공,Global Cultural Studies,수,1,3,09:00,12:00,성601
전공,대학원 논문 세미나2,수,7,9,15:00,18:00,성815
전공,초급 한국어(듣기와 말하기),수,1,3,09:00,12:00,운캠B 424
전공,보안컨설팅,월,10,12,18:00,,프508
전공,클라우드보안,목,10,12,18:00,,프508
전공,정보보호기술,화,10,12,18:00,,nan
전공,융합기술세미나,토,4,6,12:00,15:00,프601
전공,디지털통신시스템,수,7,9,15:00,18:00,프508
전공,아키텍처보안,목,4,6,12:00,15:00,nan
전공,영유아발달 및 교육세미나,화,10,12,18:00,,성822
전공,미래사회와 창의성교육,수,10,12,18:00,,성818
전공,디지털사회와 유아교육,수,10,12,18:00,,성821
전공,유아교육연구법,금,10,11,18:00,20:00,수223-1
전공,유아사회교육세미나,목,10,11,18:00,20:00,성818
전공,유아교사교육세미나,목,12,13,20:00,,성818
전공,다매체교수법세미나,금,12,13,20:00,,성818
전공,(유치원)교과교육론,금,10,12,18:00,,성813
전공,유아교육질적연구방법,화,10,12,18:00,,성821
전공,한국미술사,화,10,11,18:00,20:00,성612
전공,조형예술론,화,12,13,20:00,,성612
전공,회화,목,10,11,18:00,20:00,조2-312
전공,미술교과논리 및 논술,수,7,9,15:00,18:00,성612
전공,(음악)교과교육론,수,10,12,18:00,,조2-313
전공,디지털 교육 도구의 활용,토,3,4,11:00,13:00,성802
전공,음악교육연구,화,12,13,20:00,,성815
전공,국악개론및실습,화,12,13,20:00,,조2-313
전공,국악가창지도법,화,10,11,18:00,20:00,조2-313
전공,학교 합창지도와 발성기법,목,10,11,18:00,20:00,조2-102
전공,음악교수학습방법,목,12,13,20:00,,조2-313
전공,서양음악사1,금,10,11,18:00,20:00,성818
전공,학교부적응상담,월,12,13,20:00,,성815
전공,성격심리,수,12,13,20:00,,성815
전공,발달심리학,수,10,11,18:00,20:00,성815
전공,상담실습및사례연구,월,10,11,18:00,20:00,성815
전공,생애주기영양학특론,목,10,11,18:00,20:00,운캠B 332
전공,조리과학연구,화,12,13,20:00,,운캠B 531
전공,식사요법특론,화,10,11,18:00,20:00,운캠B 531
전공,한국문화콘텐츠세미나 2,토,6,7,14:00,16:00,운캠B 332
전공,한국문화콘텐츠,토,1,2,09:00,11:00,운캠B 332
전공,한국문화콘텐츠 연구방법론,토,1,2,09:00,11:00,운캠B 530
전공,한국문화콘텐츠기획,토,8,9,16:00,18:00,운캠B 332
전공,한국문화콘텐츠와 상품개발,토,3,4,11:00,13:00,운캠B 332
전공,공연작품제작 1,목,7,9,15:00,18:00,운캠B 333
전공,공연작품제작 1,화,7,9,15:00,18:00,운캠C 305
전공,공연작품제작 1,화,10,12,18:00,,운캠C 305
전공,세계 공연 예술과 사회,수,10,12,18:00,,운캠B 334
전공,Inter Modal 예술심리치료,목,10,11,18:00,20:00,운캠P 802
전공,Inter Modal 예술심리치료,목,11,12,19:00,,운캠P 802
전공,K컬처 기획 워크숍,월,11,13,19:00,,성707
전공,K컬처 토픽 리서치,화,8,10,16:00,19:00,성813
전공,K뮤직 비즈니스론,월,8,10,16:00,19:00,성707
전공,K웹툰·북툰 비즈니스,화,10,11,18:00,20:00,성801
전공,임상영양실습1,월,4,6,12:00,15:00,nan
전공,임상영양실습2,월,7,9,15:00,18:00,nan
전공,임상영양실습3,화,4,6,12:00,15:00,nan
전공,임상영양실습4,화,7,9,15:00,18:00,nan
전공,고급영양이론,목,10,12,18:00,,운캠B 424
전공,병태생리학,수,10,12,18:00,,운캠B 332
전공,생애주기영양연구,화,10,12,18:00,,운캠B 333
전공,창조도시와 로컬산업,월,7,9,15:00,18:00,성612
전공,로컬마스터플랜 스튜디오,월,10,12,18:00,,성706
전공,도시브랜딩과 로컬큐레이션,월,4,6,12:00,15:00,성612
전공,스크린플레이 라이팅,월,10,12,18:00,,운캠B 332
전공,디지털 시네마토그라피 1,화,10,12,18:00,,운캠B 529
전공,연기예술사 세미나,수,7,9,15:00,18:00,운캠C 305
전공,뷰티포토샵디자인,월,11,13,19:00,,운캠B 334
전공,뷰티트렌드메이크업,월,8,10,16:00,19:00,운캠B 334
전공,AI 스마트 뷰티,목,11,13,19:00,,운캠B 334
전공,향장연구방법론,금,8,10,16:00,19:00,운캠B 423
전공,영양과피부미용,목,8,10,16:00,19:00,운캠B 334
전공,피부미용세미나,화,11,13,19:00,,운캠C 209
전공,비만관리학,화,8,10,16:00,19:00,운캠C 209
전공,경험적 및 구조적 가족치료,토,7,9,15:00,18:00,운캠B 331
전공,가족학,토,4,6,12:00,15:00,운캠B 331
전공,가족상담 실제 및 수퍼비전,토,1,3,09:00,12:00,운캠B 331
교양,미적분과 벡터해석 기초,화,7,9,15:00,18:00,난205
교양,미적분과 벡터해석 기초,화,4,6,12:00,15:00,난706
교양,미적분과 벡터해석 기초,화,1,3,09:00,12:00,난205
교양,미적분과 벡터해석 기초,화,4,6,12:00,15:00,난205
교양,미적분과 벡터해석 기초,수,4,6,12:00,15:00,성311
교양,기초 통계학,수,1,3,09:00,12:00,수203
교양,기초 통계학,수,1,3,09:00,12:00,난205
교양,기초 통계학,수,1,3,09:00,12:00,성303
교양,기초 통계학,수,4,6,12:00,15:00,수C-740
교양,기초 통계학,수,4,6,12:00,15:00,난807
교양,기초 통계학,화,7,9,15:00,18:00,난505
교양,일반화학 Ⅰ,수,1,3,09:00,12:00,운캠C 311
교양,일반화학 Ⅰ,수,1,3,09:00,12:00,운캠P 502
교양,일반화학 Ⅰ,금,4,6,12:00,15:00,운캠C 311
교양,일반물리학 Ⅰ,금,7,9,15:00,18:00,운캠C 207
교양,파이썬프로그래밍,월,4,6,12:00,15:00,수207
교양,파이썬프로그래밍,월,7,9,15:00,18:00,수207
교양,파이썬프로그래밍,목,4,6,12:00,15:00,수207
교양,파이썬프로그래밍,목,7,9,15:00,18:00,수222
교양,파이썬프로그래밍,목,7,9,15:00,18:00,수213
교양,파이썬프로그래밍,목,1,3,09:00,12:00,수213
교양,파이썬프로그래밍,목,1,3,09:00,12:00,수207
교양,파이썬프로그래밍,금,1,3,09:00,12:00,수207
교양,파이썬프로그래밍,금,1,3,09:00,12:00,수213
교양,파이썬프로그래밍,금,7,9,15:00,18:00,수207
교양,파이썬프로그래밍,금,7,9,15:00,18:00,수214
교양,파이썬프로그래밍,화,1,3,09:00,12:00,운캠B-108
교양,파이썬프로그래밍,수,4,6,12:00,15:00,운캠B-108
교양,일반생물학 Ⅰ,월,1,3,09:00,12:00,nan
교양,일반생물학 Ⅰ,월,1,3,09:00,12:00,nan
교양,A Journey through Drama and Film,수,1,3,09:00,12:00,성311
교양,Short Stories of the World,금,4,6,12:00,15:00,성705
교양,British Culture and History,수,1,3,09:00,12:00,운캠C 209
교양,Understanding Western Culture,금,1,3,09:00,12:00,운캠C 211
교양,World News Analysis and Discourse,금,4,6,12:00,15:00,성301
교양,Introduction to Social Psychology,수,1,3,09:00,12:00,성707
교양,"Global Communication through Food, Travel & Culture",금,4,6,12:00,15:00,운캠B 424
교양,A Journey through Harry Potter,금,4,6,12:00,15:00,성713
교양,North American Women in Art,목,7,9,15:00,18:00,성713
교양,공통 중국어,월,1,3,09:00,12:00,운캠B 530
교양,공통 중국어,수,10,12,18:00,,성311
교양,공통 중국어,금,4,6,12:00,15:00,수C-740
교양,공통 중국어,수,1,3,09:00,12:00,성706
교양,공통 일본어,월,1,3,09:00,12:00,수407
교양,공통 일본어,월,1,3,09:00,12:00,운캠C 308
교양,공통 일본어,금,4,6,12:00,15:00,성706
교양,공통 일본어,월,1,3,09:00,12:00,운캠B 424
교양,공통 일본어,금,1,3,09:00,12:00,운캠C 307
교양,공통 일본어,금,7,9,15:00,18:00,운캠C 211
교양,공통 프랑스어,월,1,3,09:00,12:00,운캠B 423
교양,공통 프랑스어,수,1,3,09:00,12:00,성713
교양,공통 스페인어,월,1,3,09:00,12:00,성309
교양,공통 러시아어,월,1,3,09:00,12:00,성712
교양,공통 개인정보보호와 보안윤리,금,1,3,09:00,12:00,성213
교양,공통 스마트 IT 기술의 현재와 미래,수,1,3,09:00,12:00,운캠C 304
교양,컴퓨팅적 사고,금,1,3,09:00,12:00,운캠B-108
교양,English Listening on Current Affairs,월,1,3,09:00,12:00,성612
교양,Vocabularies and Expressions for English Learners,수,10,12,18:00,,성612
교양,Elements of the Mystery Story,목,4,6,12:00,15:00,수413
교양,실습으로 배우는 머신러닝,월,1,3,09:00,12:00,nan
교양,SW&AI 전공 진입을 위한 수학,금,4,6,12:00,15:00,nan
교양,인문·사회계열 전공생을 위한 Python 입문,금,7,9,15:00,18:00,nan
교양,디지털 인문학의 이해,금,4,6,12:00,15:00,운캠C 729
교양,메타버스와 디지털 패션의 이해,수,1,3,09:00,12:00,운캠B-109
교양,AI·디지털리터러시 교육의 이해,수,1,3,09:00,12:00,난702
교양,영상매체와 사운드 디자인,금,4,6,12:00,15:00,운캠B-109
교양,동양미술로 만나는 민화와 팝아트 그리기,금,4,6,12:00,15:00,난302
교양,창의적 그림과 미술이야기,금,1,3,09:00,12:00,난302
교양,디자이너처럼 보고 이야기하는 방법,수,1,3,09:00,12:00,운캠C 103
교양,A Journey to the Museum,금,4,6,12:00,15:00,성612
교양,프랑스어로 떠나는 여행,금,1,3,09:00,12:00,성309
교양,공통 베트남어,금,4,6,12:00,15:00,운캠C 205
교양,스페인 문화의 이해,금,7,9,15:00,18:00,운캠C 209
교양,K-컬처 중국어,금,1,3,09:00,12:00,수413
교양,Digital Literacy: English for the Web,목,4,6,12:00,15:00,운캠C 304
교양,AI와 서비스디자인,수,1,3,09:00,12:00,운캠C 211
교양,다시 만난 합창,금,4,6,12:00,15:00,성408
교양,인문학을 업은 창의융합 클래식 음악,금,2,3,10:00,12:00,성408
교양,발성과 보이스파워,월,1,3,09:00,12:00,성408
교양,독일어로 떠나는 문화여행,수,1,3,09:00,12:00,성307
교양,대중문화로 배우는 프랑스어,금,4,6,12:00,15:00,운캠C 310
교양,일본어로 떠나는 문화여행,금,1,3,09:00,12:00,성706
교양,영상으로 배우는 일본,수,1,3,09:00,12:00,운캠C 205
교양,베트남어로 떠나는 문화여행,금,4,6,12:00,15:00,성307
교양,뷰티테크와 AI 피부진단,수,1,3,09:00,12:00,nan
교양,AI활용 소셜미디어 마케팅,금,4,6,12:00,15:00,성303
교양,실생활 독일어,금,1,3,09:00,12:00,운캠C 209
교양,실생활 프랑스어,월,1,3,09:00,12:00,운캠B 540
교양,실생활 일본어,수,1,3,09:00,12:00,운캠C 305
교양,실생활 중국어,수,1,3,09:00,12:00,성712
교양,실생활 스페인어,금,1,3,09:00,12:00,성710
교양,Developing Positive Mind,금,1,3,09:00,12:00,운캠B 540
교양,Dive into Diversity: A Cross-Cultural Journey,목,4,6,12:00,15:00,성712
교양,International Women's Studies,목,4,6,12:00,15:00,운캠C 305
교양,Understanding Human Rights,금,4,6,12:00,15:00,수C-736
교양,Global Citizenship Education and Global Leadership,목,4,6,12:00,15:00,난805
교양,Exploring the World of Sports,수,1,3,09:00,12:00,성701
교양,Basic English Communication,월,1,3,09:00,12:00,수405
교양,Basic English Communication,월,1,3,09:00,12:00,운캠B 541
교양,Basic English Communication,월,1,3,09:00,12:00,수406
교양,Basic English Communication,월,1,3,09:00,12:00,운캠C 209
교양,Basic English Communication,월,1,3,09:00,12:00,운캠C 211
교양,Basic English Communication,월,1,3,09:00,12:00,수204
교양,Basic English Communication,월,1,3,09:00,12:00,운캠C 306
교양,Intermediate English Communication,금,1,3,09:00,12:00,운캠C 205
교양,Intermediate English Communication,금,1,3,09:00,12:00,성713
교양,Intermediate English Communication,금,1,3,09:00,12:00,성705
교양,Intermediate English Communication,금,1,3,09:00,12:00,운캠B 423
교양,Intermediate English Communication,금,1,3,09:00,12:00,운캠B 424
교양,Advanced English Communication,금,4,6,12:00,15:00,운캠B 423
교양,Advanced English Communication,금,4,6,12:00,15:00,수210
교양,ImaginEd: Power of Metaphor and Media in Learning,수,1,3,09:00,12:00,성310
교양,"Dystopian Media: Language, Society, and the Future",금,1,3,09:00,12:00,수210
교양,Digital Resilience: Fake News and Algorithms,금,4,6,12:00,15:00,운캠B 540
교양,Social Media Content Creation,수,1,3,09:00,12:00,운캠C 306
교양,Navigating Life Overseas,수,1,3,09:00,12:00,성306
교양,Australian Culture and History,월,1,3,09:00,12:00,수413
교양,Canadian Culture and History,목,4,6,12:00,15:00,성713
교양,Historical Turning Points,금,1,3,09:00,12:00,수C-736
교양,대중 문화 예술 산책,금,1,3,09:00,12:00,운캠C 729
교양,전통무용,수,1,3,09:00,12:00,운캠P 802
교양,스타일 메이크업,금,7,9,15:00,18:00,운캠P 604
교양,Exploring the World Through Writing,목,4,6,12:00,15:00,운캠B 529
교양,생활 소품 디자인,금,1,3,09:00,12:00,조2-601
교양,영화 예술 입문,금,4,6,12:00,15:00,성704
교양,영미 대중음악과 문화,월,1,3,09:00,12:00,운캠B 531
교양,A Journey to Cross-Cultural Communication,목,7,9,15:00,18:00,운캠B 529
교양,블록체인 경제와 디지털 자산혁명,금,4,6,12:00,15:00,nan
교양,AI시대 데이터 윤리,금,4,6,12:00,15:00,운캠C 212
교양,역사콘텐츠로 이해하는 한국사,수,1,3,09:00,12:00,nan
교양,인체생리학,수,1,3,09:00,12:00,운캠P 503
교양,생활 속의 법적 분쟁과 해결,수,1,3,09:00,12:00,난706
교양,현대 사회와 소외,금,7,9,15:00,18:00,운캠C 204
교양,동∙서 철학의 만남,금,1,3,09:00,12:00,운캠B-106
교양,비판적 사고 기초,월,4,6,12:00,15:00,난706
교양,미학의 이해,화,10,12,18:00,,성702
교양,리더십,수,1,3,09:00,12:00,운캠C 208
교양,영화 스토리텔링의 이해,월,1,3,09:00,12:00,운캠C 739
교양,국가안보론,금,4,6,12:00,15:00,성212
교양,국가안보론,금,4,6,12:00,15:00,운캠C 206
교양,전쟁사,수,1,3,09:00,12:00,성211
교양,북한학,금,1,3,09:00,12:00,성212
교양,세계 복식과 패션정보,금,4,6,12:00,15:00,운캠B-106
교양,한글 맞춤법과 국어 능력,수,7,9,15:00,18:00,성704
교양,과학기술 사회의 생명윤리,수,1,3,09:00,12:00,수C-740
교양,소비자트렌드와 소비자보호,수,1,3,09:00,12:00,운캠B 541
교양,중국의 사상과 문화,월,1,3,09:00,12:00,성305
교양,현대인의 정신 건강,금,1,3,09:00,12:00,nan
교양,무기 체계론,금,1,3,09:00,12:00,운캠C 206
교양,생애 주기별 건강과 복지,수,1,3,09:00,12:00,난206
교양,필라테스 움직임 과학,월,1,3,09:00,12:00,운캠P 802
교양,글로벌 시대와 한국 문학,월,1,3,09:00,12:00,난806
교양,기초 디자인,금,4,6,12:00,15:00,난206
교양,세계문화유산으로 보는 한국의 역사와 문화,화,4,6,12:00,15:00,nan
교양,영화로 보는 영미 문화,금,1,3,09:00,12:00,nan
교양,공공 인재를 위한 법적 사고,금,7,9,15:00,18:00,성211
교양,자존감 수업,금,1,3,09:00,12:00,운캠C 103
교양,철학으로의 초대,수,1,3,09:00,12:00,운캠C 206
교양,프랑스 문화와 예술,수,1,3,09:00,12:00,수327
교양,미술로 표현된 신체,월,1,3,09:00,12:00,성211
교양,힐링이 있는 클래식 음악,목,10,12,18:00,,성211
교양,문화와 일상으로 본 서양사,금,7,9,15:00,18:00,nan
교양,오페라의 이해,수,1,3,09:00,12:00,성305
교양,삶과 죽음의 이해,수,1,3,09:00,12:00,운캠C 207
교양,글로벌 국가브랜드의 의미와 이해,월,10,12,18:00,,성211
교양,생활 속의 의학정보,금,4,6,12:00,15:00,성305
교양,동양 고전의 산책,수,1,3,09:00,12:00,운캠C 212
교양,테마로 보는 전통문화,월,1,3,09:00,12:00,성303
교양,헬스와 운동 재활,수,1,3,09:00,12:00,체301
교양,음식과 문화 이야기,수,1,3,09:00,12:00,nan
교양,헌법: 갈등 해결의 코드,금,7,9,15:00,18:00,nan
교양,4차 산업혁명과 경영혁신,금,1,3,09:00,12:00,nan
교양,음악은 왜 치료적인가,수,1,3,09:00,12:00,운캠C 739
교양,우주로의 여행,금,1,3,09:00,12:00,난206
교양,"클릭, 생활 속의 현대미술",금,7,9,15:00,18:00,운캠C 739
교양,공동체 공유가치의 이해와 실천,수,1,3,09:00,12:00,성704
교양,뉴스 바로 보기,수,1,3,09:00,12:00,운캠C 729
교양,과학의 철학적 이해,수,7,9,15:00,18:00,수203
교양,서양 음악의 이해,금,1,3,09:00,12:00,운캠C 739
교양,우리 문화 속의 한자어,금,1,3,09:00,12:00,nan
교양,주제로 읽는 명저: 사회과학,금,7,9,15:00,18:00,성310
교양,주제로 읽는 명저: 자연과학,목,4,6,12:00,15:00,성311
교양,사례로 이해하는 국제관계와 법,월,1,3,09:00,12:00,nan
교양,경영학 개론,금,4,6,12:00,15:00,nan
교양,회계와 사회,수,1,3,09:00,12:00,nan
교양,일본 문화의 이해,수,1,3,09:00,12:00,운캠C 307
교양,기초 수학,금,4,6,12:00,15:00,수203
교양,현대인의 여가 문화,월,1,3,09:00,12:00,난505
교양,마음과 뇌,금,4,6,12:00,15:00,난706
교양,유전자 과학과 미래,월,1,3,09:00,12:00,난205
교양,주거 문화의 이해,월,1,3,09:00,12:00,난206
교양,무용과 인간,금,4,6,12:00,15:00,운캠P 502
교양,화장품과 피부,화,10,12,18:00,,성704
교양,문화예술 교육 현장의 이해와 실습,월,1,3,09:00,12:00,수204-1
교양,문화예술 교육 개론,화,7,9,15:00,18:00,성707
교양,설득의 과학,금,7,9,15:00,18:00,nan
교양,패션 스튜디오,수,1,3,09:00,12:00,운캠B-106
교양,문화 속 수학 읽기,수,1,3,09:00,12:00,nan
교양,미디어로 일본 문화 읽기,월,1,3,09:00,12:00,운캠C 206
교양,현대시 산책,금,7,9,15:00,18:00,nan
교양,역사와 현실,수,1,3,09:00,12:00,nan
교양,기업 사회공헌 활동의 이해와 전망,월,1,3,09:00,12:00,운캠C 204
교양,문화콘텐츠 도시의 이해와 전망,수,10,12,18:00,,성211
교양,"의료사고, 법으로 이해하기",금,1,3,09:00,12:00,성704
교양,포스트휴머니즘의 이해,월,1,3,09:00,12:00,nan
교양,키워드로 읽는 여성학 Ⅰ,수,1,3,09:00,12:00,난806
교양,키워드로 읽는 여성학 Ⅱ,금,1,3,09:00,12:00,운캠C 208
교양,문학치료와 시 쓰기,수,1,3,09:00,12:00,운캠C 204
교양,신화와 함께하는 삶,금,7,9,15:00,18:00,nan
교양,동양미학의 이해,금,1,3,09:00,12:00,성303
교양,인물로 만나는 페미니즘,월,10,12,18:00,,성212
교양,젠더로 본 세계화,금,4,6,12:00,15:00,운캠C 208
교양,대중문화 속의 여성과 페미니즘,수,4,6,12:00,15:00,난806
교양,전자공학의 기초와 활용,수,1,3,09:00,12:00,nan
교양,사회적 이슈의 찬반 논쟁,금,4,6,12:00,15:00,nan
교양,영화로 이해하는 한국사,월,1,3,09:00,12:00,nan
교양,동아시아 문학의 비교,금,1,3,09:00,12:00,nan
교양,시사로 중국문화 읽기,목,10,12,18:00,,성309
교양,"지역문화, 문화도시",수,1,3,09:00,12:00,성702
교양,조선 문인들이 사랑한 나의 집,수,1,3,09:00,12:00,nan
교양,적정기술의 이해와 개발,금,1,3,09:00,12:00,성302
교양,인문학적 글쓰기,금,4,6,12:00,15:00,성211
교양,ESG의 이해와 실천,월,1,3,09:00,12:00,운캠C 212
교양,탄소중립의 이해,금,4,6,12:00,15:00,성302
교양,동아시아 경제와 사회,월,10,12,18:00,,성612
교양,인류세와 생태적 전환,금,1,3,09:00,12:00,운캠C 212
교양,비재무보고(ESG) 공시기준의 이해,수,1,3,09:00,12:00,nan
교양,비즈니스 애널리틱스의 기초,금,1,3,09:00,12:00,nan
교양,국제사회에서의 법과 정치,금,7,9,15:00,18:00,nan
교양,ESG 마케팅 전략과 공감 커뮤니케이션,수,1,3,09:00,12:00,운캠B 423
교양,철학적 치유와 정신 건강,금,7,9,15:00,18:00,운캠C 728
교양,동아시아 한자문화권의 교류와 소통,수,1,3,09:00,12:00,성212
교양,디지털 기반 수학적 문제해결,금,1,3,09:00,12:00,nan
교양,생물학도를 위한 일반수학,금,4,6,12:00,15:00,운캠C 207
교양,파워포인트와 엑셀,월,1,3,09:00,12:00,수214
교양,세계의 차 문화,금,4,6,12:00,15:00,난806
교양,비즈니스와 생활예절,월,1,3,09:00,12:00,nan
교양,예비 부모 교육,금,1,3,09:00,12:00,운캠C 204
교양,생활 한자,월,1,3,09:00,12:00,nan
교양,비즈니스 스피치,금,4,6,12:00,15:00,운캠C 204
교양,탁구,수,1,3,09:00,12:00,체101
교양,호신술,수,1,3,09:00,12:00,난104
교양,웰니스 요가,수,1,3,09:00,12:00,프701
교양,대학생을 위한 경제교육과 실용금융,월,1,3,09:00,12:00,성212
교양,학습법 특강,금,4,6,12:00,15:00,nan
교양,웰니스와 체형관리,금,4,6,12:00,15:00,난702
교양,지역문화콘텐츠,금,4,6,12:00,15:00,운캠C 739
교양,진로탐색과 실용적 글쓰기,금,7,9,15:00,18:00,nan
교양,로컬 화장품 브랜딩과 소비자 이해,수,1,3,09:00,12:00,난807
교양,안보학,수,1,3,09:00,12:00,프309
교양,안보학,금,1,3,09:00,12:00,프309
교양,조직 리더십,수,1,3,09:00,12:00,프308
교양,조직 리더십,금,1,3,09:00,12:00,프308
교양,동아시아 문화와 컨텐츠,금,7,9,15:00,18:00,수C-740
교양,한국 사회 및 문화의 이해,수,1,3,09:00,12:00,난505
교양,한국 사회 및 문화의 이해,금,4,6,12:00,15:00,성702
교양,Global Cultural Studies,수,1,3,09:00,12:00,성601
교양,초급 한국어(읽기와 쓰기),금,4,6,12:00,15:00,수413
교양,초급 한국어(읽기와 쓰기),월,1,3,09:00,12:00,성706
교양,초급 한국어(읽기와 쓰기),월,1,3,09:00,12:00,성301
교양,중급 한국어(읽기와 쓰기),금,4,6,12:00,15:00,성309
교양,고급 한국어(읽기와 쓰기),월,1,3,09:00,12:00,성307
교양,국제학생을 위한 실용 한국어 어휘와 문법,금,1,3,09:00,12:00,성305
교양,International Seminar: Korean and Global Affairs,금,7,9,15:00,18:00,성601
교양,대학 한국어(발표와 토론),금,7,9,15:00,18:00,수210
교양,대학 한국어(학술적 글쓰기),수,1,3,09:00,12:00,운캠B 529
교양,초급 한국어(듣기와 말하기),수,1,3,09:00,12:00,수413
교양,초급 한국어(듣기와 말하기),수,1,3,09:00,12:00,운캠B 424
교양,초급 한국어(듣기와 말하기),금,1,3,09:00,12:00,성301
교양,중급 한국어(듣기와 말하기),월,1,3,09:00,12:00,성705
교양,중급 한국어(듣기와 말하기),수,1,3,09:00,12:00,운캠B 530
교양,고급 한국어(듣기와 말하기),금,4,6,12:00,15:00,운캠C 211
교양,창업을 위한 법의 이해,월,1,3,09:00,12:00,성213
교양,스타트업 트렌드,수,1,3,09:00,12:00,수204-1
교양,스타트업 트렌드,금,4,6,12:00,15:00,수327
교양,인터넷 쇼핑몰 구축과 창업,금,4,6,12:00,15:00,난204
교양,인터넷 쇼핑몰 구축과 창업,금,4,6,12:00,15:00,운캠P 503
교양,뷰티 창업론,월,1,3,09:00,12:00,운캠C 205
교양,창업과 재무제표 분석,수,1,3,09:00,12:00,수412
교양,스타트업과 진로탐색,월,1,3,09:00,12:00,성302
교양,맞춤형 취업역량 기초,월,7,8,15:00,17:00,난205
교양,맞춤형 취업역량 기초,월,2,3,10:00,12:00,운캠P 503
교양,맞춤형 취업역량 실전,금,1,2,09:00,11:00,난204
교양,맞춤형 취업역량 실전,목,2,3,10:00,12:00,운캠C 205
교양,자기 이해와 진로탐색,수,2,3,10:00,12:00,nan
교양,취업트렌드와 문제해결력,금,2,3,10:00,12:00,난504
교양,취업트렌드와 문제해결력,금,5,6,13:00,15:00,운캠C 307
교양,진로설계,월,5,6,13:00,15:00,난205
교양,진로설계,월,2,3,10:00,12:00,운캠P 502
교양,진로설계,금,2,3,10:00,12:00,수204-1
교양,비판적 사고와 토론,월,1,2,09:00,11:00,성306
교양,비판적 사고와 토론,월,1,2,09:00,11:00,성710
교양,비판적 사고와 토론,월,1,2,09:00,11:00,성707
교양,비판적 사고와 토론,월,1,2,09:00,11:00,성311
교양,비판적 사고와 토론,월,1,2,09:00,11:00,성701
교양,비판적 사고와 토론,월,4,5,12:00,14:00,난602
교양,비판적 사고와 토론,월,4,5,12:00,14:00,성710
교양,비판적 사고와 토론,월,4,5,12:00,14:00,난805
교양,비판적 사고와 토론,월,4,5,12:00,14:00,성713
교양,비판적 사고와 토론,월,4,5,12:00,14:00,난801
교양,비판적 사고와 토론,수,1,2,09:00,11:00,성308
교양,비판적 사고와 토론,수,1,2,09:00,11:00,성705
교양,비판적 사고와 토론,수,1,2,09:00,11:00,성710
교양,비판적 사고와 토론,수,4,5,12:00,14:00,난804
교양,비판적 사고와 토론,수,4,5,12:00,14:00,난702
교양,비판적 사고와 토론,수,4,5,12:00,14:00,성711
교양,비판적 사고와 토론,금,1,2,09:00,11:00,성707
교양,비판적 사고와 토론,금,1,2,09:00,11:00,성701
교양,비판적 사고와 토론,월,4,5,12:00,14:00,성311
교양,비판적 사고와 토론,금,1,2,09:00,11:00,성310
교양,비판적 사고와 토론,금,1,2,09:00,11:00,성306
교양,비판적 사고와 토론,금,4,5,12:00,14:00,성707
교양,비판적 사고와 토론,금,4,5,12:00,14:00,성701
교양,비판적 사고와 토론,금,4,5,12:00,14:00,성310
교양,비판적 사고와 토론,금,4,5,12:00,14:00,성306
교양,비판적 사고와 토론,월,1,2,09:00,11:00,성308
교양,비판적 사고와 토론,금,1,2,09:00,11:00,운캠C 728
교양,비판적 사고와 토론,금,1,2,09:00,11:00,운캠C 304
교양,비판적 사고와 토론,금,1,2,09:00,11:00,운캠C 305
교양,비판적 사고와 토론,금,1,2,09:00,11:00,운캠C 306
교양,비판적 사고와 토론,금,4,5,12:00,14:00,운캠C 728
교양,비판적 사고와 토론,금,4,5,12:00,14:00,운캠C 304
교양,비판적 사고와 토론,금,4,5,12:00,14:00,운캠C 305
교양,비판적 사고와 토론,금,4,5,12:00,14:00,운캠C 306
교양,비판적 사고와 토론,수,11,12,19:00,,성307
교양,비판적 사고와 토론,수,11,12,19:00,,성301
교양,비판적 사고와 토론,수,11,12,19:00,,성308
교양,비판적 사고와 토론,수,11,12,19:00,,성309
교양,창조적 사고와 글쓰기,월,1,2,09:00,11:00,수C-736
교양,창조적 사고와 글쓰기,월,1,2,09:00,11:00,성713
교양,창조적 사고와 글쓰기,월,1,2,09:00,11:00,수C-614
교양,창조적 사고와 글쓰기,월,1,2,09:00,11:00,수210
교양,창조적 사고와 글쓰기,월,1,2,09:00,11:00,수C-617
교양,창조적 사고와 글쓰기,월,4,5,12:00,14:00,성706
교양,창조적 사고와 글쓰기,월,4,5,12:00,14:00,수C-614
교양,창조적 사고와 글쓰기,월,4,5,12:00,14:00,성712
교양,창조적 사고와 글쓰기,월,4,5,12:00,14:00,수406
교양,창조적 사고와 글쓰기,월,4,5,12:00,14:00,수C-617
교양,창조적 사고와 글쓰기,수,1,2,09:00,11:00,수C-617
교양,창조적 사고와 글쓰기,수,1,2,09:00,11:00,수C-614
교양,창조적 사고와 글쓰기,수,1,2,09:00,11:00,성301
교양,창조적 사고와 글쓰기,수,4,5,12:00,14:00,수C-617
교양,창조적 사고와 글쓰기,수,4,5,12:00,14:00,성301
교양,창조적 사고와 글쓰기,수,4,5,12:00,14:00,성705
교양,창조적 사고와 글쓰기,금,1,2,09:00,11:00,수C-614
교양,창조적 사고와 글쓰기,금,1,2,09:00,11:00,성308
교양,창조적 사고와 글쓰기,금,1,2,09:00,11:00,수C-617
교양,창조적 사고와 글쓰기,금,1,2,09:00,11:00,성311
교양,창조적 사고와 글쓰기,금,1,2,09:00,11:00,수205
교양,창조적 사고와 글쓰기,금,4,5,12:00,14:00,수C-614
교양,창조적 사고와 글쓰기,금,4,5,12:00,14:00,성311
교양,창조적 사고와 글쓰기,금,4,5,12:00,14:00,수C-617
교양,창조적 사고와 글쓰기,금,4,5,12:00,14:00,수205
교양,창조적 사고와 글쓰기,금,4,5,12:00,14:00,성308
교양,창조적 사고와 글쓰기,월,1,2,09:00,11:00,운캠C 304
교양,창조적 사고와 글쓰기,월,1,2,09:00,11:00,운캠C 305
교양,창조적 사고와 글쓰기,월,4,5,12:00,14:00,운캠C 304
교양,창조적 사고와 글쓰기,월,4,5,12:00,14:00,운캠C 305
교양,창조적 사고와 글쓰기,금,1,2,09:00,11:00,운캠B 529
교양,창조적 사고와 글쓰기,금,1,2,09:00,11:00,운캠B 531
교양,창조적 사고와 글쓰기,금,1,2,09:00,11:00,운캠B 530
교양,창조적 사고와 글쓰기,금,4,5,12:00,14:00,운캠B 529
교양,창조적 사고와 글쓰기,금,4,5,12:00,14:00,운캠B 531
교양,창조적 사고와 글쓰기,금,4,5,12:00,14:00,운캠B 530
교양,창조적 사고와 글쓰기,월,4,5,12:00,14:00,난806
교양,창조적 사고와 글쓰기,금,4,5,12:00,14:00,운캠C 209
교양,창조적 사고와 글쓰기,목,4,5,12:00,14:00,수210
교양,창조적 사고와 글쓰기,목,1,2,09:00,11:00,운캠B 529
교직,교육심리,수,2,3,10:00,12:00,성607
교직,교육심리,수,8,9,16:00,18:00,운캠C 309
교직,교육방법 및 교육공학,화,2,3,10:00,12:00,수413
교직,교육방법 및 교육공학,화,8,9,16:00,18:00,운캠B 424
교직,교육행정 및 교육경영,수,5,6,13:00,15:00,수C-739
교직,교육행정 및 교육경영,화,2,3,10:00,12:00,수204
교직,교육행정 및 교육경영,화,7,8,15:00,17:00,수204
교직,교육행정 및 교육경영,수,7,8,15:00,17:00,수204
교직,교육평가,월,4,5,12:00,14:00,수204
교직,교육사회,월,2,3,10:00,12:00,수409
교직,교육사회,월,5,6,13:00,15:00,수413
교직,교육사회,화,2,3,10:00,12:00,수405
교직,교육사회,화,7,8,15:00,17:00,수405
교직,교육철학 및 교육사,목,4,5,12:00,14:00,수204
교직,교육철학 및 교육사,수,2,3,10:00,12:00,수204
교직,교육철학 및 교육사,수,4,5,12:00,14:00,수204
교직,교육철학 및 교육사,목,2,3,10:00,12:00,수204
교직,특수교육학개론,금,2,3,10:00,12:00,수406
교직,특수교육학개론,금,4,5,12:00,14:00,수406
교직,특수교육학개론,금,7,8,15:00,17:00,수406
교직,특수교육학개론,수,4,5,12:00,14:00,수406
교직,학교폭력 예방 및 학생의 이해,금,5,6,13:00,15:00,수C-843
교직,학교폭력 예방 및 학생의 이해,목,5,6,13:00,15:00,운캠B 541
교직,학교현장실습,토,6,7,14:00,16:00,성802
교직,교육철학및교육사,월,12,13,20:00,,성816
교직,교육심리,월,12,13,20:00,,성818
교직,교육사회,월,12,13,20:00,,성813
교직,교육과정,토,2,3,10:00,12:00,성813
교직,교육방법및교육공학,월,12,13,20:00,,성819
교직,특수교육학개론,월,10,11,18:00,20:00,성819
교직,교육평가,월,10,11,18:00,20:00,성818
교직,학교폭력예방및학생의이해,월,10,11,18:00,20:00,성821
교직,교육실습,수,2,3,10:00,12:00,수C-737
교직,교육실습,월,2,3,10:00,12:00,수C-737
교직,교육실습,금,2,3,10:00,12:00,수C-737
교직,교육실습,수,2,3,10:00,12:00,수C-739
교직,교육실습(유치원),목,2,3,10:00,12:00,수C-738
교직,교육실습(전문상담),금,2,3,10:00,12:00,수C-738
교직,교육실습(영양),금,2,3,10:00,12:00,수C-738
교직,교육실습(보건),금,2,3,10:00,12:00,수C-738
